local_name_unique,record_id,local_name,municipality,region,macro_area,restaurant_type,source_url,source_year,entity_source_status,observed_fields,legacy_rating_unverified,legacy_num_reviews_unverified,legacy_price_range_unverified,legacy_cuisine_unverified,macro_area_tourist_presences_2024_m_istat,avg_spend_eur_synth,seats_synth,employees_synth,revenue_eur_synth,profit_eur_synth,total_assets_eur_synth,equity_eur_synth,digital_presence_score_synth,restaurants_1km_synth,revenue_per_employee_derived_synth,profit_margin_derived_synth,capacity_per_employee_derived_synth,reputation_score_synth,manager_propensity_score_synth,pay_propensity_score_synth,giftcard_propensity_score_synth,pro_propensity_score_synth,p_manager_synth,p_pay_synth,p_giftcard_synth,p_pro_synth,y_manager,y_pay,y_giftcard,y_pro,generation_seed;;;
Glam Enrico Bartolini - Venice,REST_00001,Glam Enrico Bartolini,Venice,Veneto,Nord,restaurant,https://guide.michelin.com/it/it/selection/italy/ristoranti,2026,LEGACY_IMPORTED_NOT_INDIVIDUALLY_REVERIFIED,local_name;municipality;restaurant_type (legacy import; not individually reverified),4.5,1425.0,€€€€,Creative,260.5,46.59835643127012,56,4,922923.7367466639,22919.74484199791,1106239.529123033,310589.4618996144,0.5843058706585885,17,230730.934186666,0.02483384480151172,14.0,0.691841354900429,-0.5936901276414384,0.2149930202586582,-0.2371957896091204,-0.01239928307386327,0.3444128580261543,0.5535421782257046,0.4164908137041337,0.4969002189453677,0,1,1,0,20260812
Acquolina - Rome,REST_00002,Acquolina,Rome,Lazio,Centro,restaurant,https://guide.michelin.com/it/it/selection/italy/ristoranti,2026,LEGACY_IMPORTED_NOT_INDIVIDUALLY_REVERIFIED,local_name;municipality;restaurant_type (legacy import; not individually reverified),4.0,4554.0,€€€€,Creative,115.2,63.88218267808864,97,10,2762762.309881811,92831.74040394704,4356822.827368104,1098115.769035667,0.584203380786865,15,276276.2309881811,0.03360105937159621,9.7,0.4066244889582812,1.032172324120683,0.3404515089066711,0.8099212535934743,1.429826861297621,0.7275390402119642,0.5843001956761816,0.6703837594981454,0.8068743373181217,1,0,1,1,20260812
L'Olivo - Anacapri,REST_00003,L'Olivo,Anacapri,Campania,Sud_Isole,restaurant,https://guide.michelin.com/it/it/selection/italy/ristoranti,2026,LEGACY_IMPORTED_NOT_INDIVIDUALLY_REVERIFIED,local_name;municipality;restaurant_type (legacy import; not individually reverified),4.6,729.0,€€€€,Italian Contemporary,90.6,33.01680487834747,40,3,358714.0451404653,32707.85107215891,221617.1043875405,50674.84971384803,0.4976502446613021,5,119571.3483801551,0.09118084868784873,13.33333333333333,0.9698488241389505,-1.111437245153653,-0.773697668567183,-0.8408804921699685,-1.061710009583613,0.2384062283192014,0.3156797696377889,0.2807225215841914,0.2569828052843411,0,0,0,0,20260812
Santa Elisabetta - Florence,REST_00004,Santa Elisabetta,Florence,Toscana,Centro,restaurant,https://guide.michelin.com/it/it/selection/italy/ristoranti,2026,LEGACY_IMPORTED_NOT_INDIVIDUALLY_REVERIFIED,local_name;municipality;restaurant_type (legacy import; not individually reverified),4.7,1501.0,€€€€,Creative,115.2,49.9303640701003,83,7,1482735.201819625,73111.3193481001,1040880.029673135,242336.452105933,0.6439399298898074,13,211819.3145456607,0.04930841276202068,11.85714285714286,0.8275958563189519,0.4903867902782166,0.4134320276536712,0.3850147207444674,0.538355530674984,0.6083511912669106,0.6019105284828697,0.5707752183462206,0.6314297894064309,1,0,0,0,20260812
George Restaurant - Naples,REST_00005,George Restaurant,Naples,Campania,Sud_Isole,restaurant,https://guide.michelin.com/it/it/selection/italy/ristoranti,2026,LEGACY_IMPORTED_NOT_INDIVIDUALLY_REVERIFIED,local_name;municipality;restaurant_type (legacy import; not individually reverified),4.5,437.0,€€€€,Contemporary,90.6,53.92847589015835,67,7,1234691.206637593,56021.08534592173,2044041.517703022,786586.1871424554,0.343774916971117,21,176384.4580910848,0.04537254743919549,9.571428571428571,0.7416701338705411,-0.2512497892045941,-0.384017638198303,0.09380921014796115,0.3159094467406479,0.4252519902914622,0.4051582582080157,0.4984523074800434,0.5783270307854943,1,0,0,0,20260812
Oro Restaurant - Venice,REST_00006,Oro Restaurant,Venice,Veneto,Nord,restaurant,https://guide.michelin.com/it/it/selection/italy/ristoranti,2026,LEGACY_IMPORTED_NOT_INDIVIDUALLY_REVERIFIED,local_name;municipality;restaurant_type (legacy import; not individually reverified),4.8,4522.0,€€€€,Italian Contemporary,260.5,65.87659235491468,44,4,1041530.4639184,27212.36520002636,965563.8266180073,424223.0601295757,0.4605194966651487,24,260382.6159795999,0.02612728685596887,11.0,0.7568814087336002,-0.7765295271138316,0.1505103251828327,-0.09702925556210287,0.270921916800639,0.3043793830750225,0.5375567092512538,0.4509014195024343,0.5673192201814038,1,1,0,0,20260812
Aroma - Rome,REST_00007,Aroma,Rome,Lazio,Centro,restaurant,https://guide.michelin.com/it/it/selection/italy/ristoranti,2026,LEGACY_IMPORTED_NOT_INDIVIDUALLY_REVERIFIED,local_name;municipality;restaurant_type (legacy import; not individually reverified),4.4,115.0,€€€€,Modern Cuisine,115.2,49.10837786425739,108,11,2313431.094769519,116192.4783089607,2996600.61600216,1407068.69224853,0.5165533071898568,25,210311.9177063199,0.05022517358380048,9.818181818181818,0.7018463133636491,1.094824396739474,0.3863057404029757,1.090006600960582,1.453791605691298,0.7397798034740157,0.5953930660824354,0.7290892261606451,0.810581280011232,0,0,1,1,20260812
La Sala dei Grappoli - Montalcino,REST_00008,La Sala dei Grappoli,Montalcino,Toscana,Centro,restaurant,https://guide.michelin.com/it/it/selection/italy/ristoranti,2026,LEGACY_IMPORTED_NOT_INDIVIDUALLY_REVERIFIED,local_name;municipality;restaurant_type (legacy import; not individually reverified),4.3,1409.0,€€€€,Modern Cuisine,115.2,56.56908689948212,71,6,1484563.683238913,163732.6407136728,1747350.458720093,726033.2003299621,0.4663265756457597,11,247427.2805398188,0.1102900755031626,11.83333333333333,0.7511925250098912,-0.08041828276025417,0.03206309472043326,0.1271174632431041,0.286613058268783,0.4674415649073946,0.508015087038002,0.506778950403587,0.5711667520697072,0,1,1,1,20260812
Due Camini - Savelletri,REST_00009,Due Camini,Savelletri,Puglia,Sud_Isole,restaurant,https://guide.michelin.com/it/it/selection/italy/ristoranti,2026,LEGACY_IMPORTED_NOT_INDIVIDUALLY_REVERIFIED,local_name;municipality;restaurant_type (legacy import; not individually reverified),4.2,69.0,€€€€,Vegetarian,90.6,55.66810251199158,68,5,1173296.739295251,108189.7436833908,648890.3604443658,311973.1069533571,0.3069707190619712,8,234659.3478590502,0.09221004376810568,13.6,0.6981667453199217,-0.7040430169929498,-0.5266282246704528,-0.3340216036522477,-0.08436569272742953,0.3199409865807505,0.3713036438396947,0.393166419757082,0.4789210778940898,0,1,0,0,20260812
Borgo San Jacopo - Florence,REST_00010,Borgo San Jacopo,Florence,Toscana,Centro,restaurant,https://guide.michelin.com/it/it/selection/italy/ristoranti,2026,LEGACY_IMPORTED_NOT_INDIVIDUALLY_REVERIFIED,local_name;municipality;restaurant_type (legacy import; not individually reverified),4.5,4627.0,€€€€,Modern Cuisine,115.2,59.91813095348706,78,8,2006988.118883813,134006.8453819083,1355539.331625907,320158.4009912192,0.5533343661817115,19,250873.5148604766,0.06677012390907239,9.75,0.7409660147561327,0.5893764765691362,0.3871762066243456,0.656052568191374,0.9273366981976918,0.6316673583771758,0.5956027441128429,0.6355386896825216,0.7165346470530121,1,1,0,1,20260812
Terrazza Bosquet - Sorrento,REST_00011,Terrazza Bosquet,Sorrento,Campania,Sud_Isole,restaurant,https://guide.michelin.com/it/it/selection/italy/ristoranti,2026,LEGACY_IMPORTED_NOT_INDIVIDUALLY_REVERIFIED,local_name;municipality;restaurant_type (legacy import; not individually reverified),4.6,533.0,€€€€,Creative,90.6,58.63459653766871,36,3,660911.3051230272,78203.50824580467,1081741.427528221,417641.0451785662,0.649740693401609,15,220303.7683743424,0.1183267824889866,12.0,0.4966860587086566,-1.06316056986984,-0.5392129357675906,-1.318324481075927,-0.2262187607118689,0.2472821302946822,0.3683706924511778,0.1949243864872624,0.4436852637825463,1,0,0,0,20260812
Vespasia - Norcia,REST_00012,Vespasia,Norcia,Umbria,Centro,restaurant,https://guide.michelin.com/it/it/selection/italy/ristoranti,2026,LEGACY_IMPORTED_NOT_INDIVIDUALLY_REVERIFIED,local_name;municipality;restaurant_type (legacy import; not individually reverified),4.3,228.0,€€€,Umbrian,115.2,78.22945567694836,62,4,1944467.402324363,104115.3177366373,3116979.839260725,1389132.220864842,0.569020533879123,10,486116.8505810908,0.0535443883565138,15.5,0.7055866142853673,-0.2031698184308378,0.3571422234834894,-0.1189030333092644,0.6892160879750971,0.4370434531532936,0.5883484713458825,0.4454917310821137,0.6657925189364762,0,1,0,1,20260812
Zash - Archi,REST_00013,Zash,Archi,Abruzzo,Sud_Isole,restaurant,https://guide.michelin.com/it/it/selection/italy/ristoranti,2026,LEGACY_IMPORTED_NOT_INDIVIDUALLY_REVERIFIED,local_name;municipality;restaurant_type (legacy import; not individually reverified),4.4,1640.0,€€€€,Creative,90.6,63.88491055519636,62,5,1492015.472320744,167266.7878112759,2380801.153672217,698971.9226864495,0.7675413401164227,9,298403.0944641488,0.1121079445316355,12.4,0.7533492306661713,0.2201477092277957,0.4955329164293114,-0.1135925526025202,0.419716312640168,0.5424346023316892,0.6214089771451127,0.4468039497744016,0.6034153639786821,0,0,0,1,20260812
Il Pievano - Gaiole in Chianti,REST_00014,Il Pievano,Gaiole in Chianti,Toscana,Centro,restaurant,https://guide.michelin.com/it/it/selection/italy/ristoranti,2026,LEGACY_IMPORTED_NOT_INDIVIDUALLY_REVERIFIED,local_name;municipality;restaurant_type (legacy import; not individually reverified),4.4,769.0,€€€€,Country cooking,115.2,29.54252785396356,49,5,518914.6592696714,39736.54323084036,749559.055814049,293364.4954687727,0.5473617232651082,9,103782.9318539343,0.0765762587758962,9.8,0.5465505261825028,-0.7181712660179417,-0.7761487495777173,-0.7731424530577018,-0.7734897214168222,0.3168748308470363,0.3151505116574494,0.2946008438614486,0.3157246933615608,0,0,0,1,20260812
Amistà - Corrubbio,REST_00015,Amistà,Corrubbio,Veneto,Nord,restaurant,https://guide.michelin.com/it/it/selection/italy/ristoranti,2026,LEGACY_IMPORTED_NOT_INDIVIDUALLY_REVERIFIED,local_name;municipality;restaurant_type (legacy import; not individually reverified),4.8,4919.0,€€€€,Creative,260.5,59.66029362251098,45,3,1123092.549188505,133259.4879280491,902780.7250235796,289921.5070673929,0.915103317155346,10,374364.183062835,0.1186540575167526,15.0,0.579408738660362,-0.3363428437293134,0.8170204008533178,-0.5565084599123432,0.1183968571868688,0.4045979957518409,0.6936034881177766,0.3415243731774749,0.5295646863354371,1,1,0,0,20260812
La Terrazza - Rome,REST_00016,La Terrazza,Rome,Lazio,Centro,restaurant,https://guide.michelin.com/it/it/selection/italy/ristoranti,2026,LEGACY_IMPORTED_NOT_INDIVIDUALLY_REVERIFIED,local_name;municipality;restaurant_type (legacy import; not individually reverified),4.5,1104.0,€€€€,Modern Cuisine,115.2,64.72956035406514,68,7,1416677.221771719,89463.09907991809,2015650.409790304,875751.4892175541,0.8246113942914827,17,202382.4602531027,0.06314995237096714,9.714285714285714,0.6910020667727539,0.620194366067031,0.5598605323360145,0.1758348796298354,0.7669447612035709,0.638808022894733,0.6364202695411701,0.5189496392753368,0.6828596139654024,1,0,0,1,20260812
La Torre - Tavarnelle Val di Pesa,REST_00017,La Torre,Tavarnelle Val di Pesa,Toscana,Centro,restaurant,https://guide.michelin.com/it/it/selection/italy/ristoranti,2026,LEGACY_IMPORTED_NOT_INDIVIDUALLY_REVERIFIED,local_name;municipality;restaurant_type (legacy import; not individually reverified),4.8,148.0,€€€€,Creative,115.2,46.94593424517389,103,9,1551475.704932308,157722.091220878,2121770.806250993,844913.6109146902,0.407329269771664,14,172386.1894369231,0.1016594012522804,11.44444444444444,0.6422272523597825,0.3431014097179704,-0.1454287331080311,0.4404667099238032,0.6631260889889142,0.5727552392710809,0.4637067595607585,0.5843038878993554,0.6599622709674063,1,0,1,0,20260812
Relais Blu - Massa Lubrense,REST_00018,Relais Blu,Massa Lubrense,Campania,Sud_Isole,restaurant,https://guide.michelin.com/it/it/selection/italy/ristoranti,2026,LEGACY_IMPORTED_NOT_INDIVIDUALLY_REVERIFIED,local_name;municipality;restaurant_type (legacy import; not individually reverified),4.2,276.0,€€€,Mediterranean,90.6,61.08826910440172,76,8,1738376.165472401,82676.02884275222,2402079.897029871,775358.663692693,0.7776063265043031,12,217297.0206840501,0.04755934330259592,9.5,0.839428112553646,0.9326035233713648,0.7060320021302938,0.5961418443656943,0.761399975691156,0.7073614444434317,0.6695237852439881,0.6215522228518561,0.6816576064637365,0,1,1,1,20260812
Il Falconiere - San Martino,REST_00019,Il Falconiere,San Martino,Sicilia,Sud_Isole,restaurant,https://guide.michelin.com/it/it/selection/italy/ristoranti,2026,LEGACY_IMPORTED_NOT_INDIVIDUALLY_REVERIFIED,local_name;municipality;restaurant_type (legacy import; not individually reverified),4.4,148.0,€€€€,Tuscan,90.6,48.84789539087784,48,4,778545.7142810146,43394.822796566,563875.671216467,279845.1922424954,0.7916366943201568,10,194636.4285702537,0.0557383105456319,12.0,0.8014457498381633,-0.2538714931988134,0.1215078992369082,-0.5998553559591003,-0.2109999007263323,0.4246113383614453,0.5303396556729213,0.3318442980578745,0.447444864041081,1,0,0,0,20260812
La Trattoria Enrico Bartolini - Castiglione della Pescaia,REST_00020,La Trattoria Enrico Bartolini,Castiglione della Pescaia,Toscana,Centro,restaurant,https://guide.michelin.com/it/it/selection/italy/ristoranti,2026,LEGACY_IMPORTED_NOT_INDIVIDUALLY_REVERIFIED,local_name;municipality;restaurant_type (legacy import; not individually reverified),4.6,1450.0,€€€€,Mediterranean,115.2,61.29893262982348,90,7,2113339.783730392,164297.8338421958,2986312.460549613,608533.8338274272,0.6759827883647959,10,301905.683390056,0.07774321720863227,12.85714285714286,0.5402309707318531,0.6251831297906447,0.4395157038994415,0.3031335685126657,0.9669445358239603,0.6399582930611557,0.608143626631948,0.5506094857176229,0.7245100602437377,1,1,0,1,20260812
Poggio Rosso - Castelnuovo Berardenga,REST_00021,Poggio Rosso,Castelnuovo Berardenga,Toscana,Centro,restaurant,https://guide.michelin.com/it/it/selection/italy/ristoranti,2026,LEGACY_IMPORTED_NOT_INDIVIDUALLY_REVERIFIED,local_name;municipality;restaurant_type (legacy import; not individually reverified),4.0,256.0,€€€€,Creative,115.2,68.58672392920289,92,9,2364037.044321477,147267.5594965453,2237991.432655576,1072051.30470078,0.98,9,262670.7827023863,0.06229494577941938,10.22222222222222,0.6404964309616915,1.584989140118509,1.143672631636369,0.8164019837222801,1.374168644006421,0.8227351125999463,0.758353300307747,0.6718142178463448,0.7980528258551717,0,1,1,1,20260812
Cannavacciuolo by the Lake - Pettenasco,REST_00022,Cannavacciuolo by the Lake,Pettenasco,Piemonte,Nord,restaurant,https://guide.michelin.com/it/it/selection/italy/ristoranti,2026,LEGACY_IMPORTED_NOT_INDIVIDUALLY_REVERIFIED,local_name;municipality;restaurant_type (legacy import; not individually reverified),4.5,190.0,€€€,Contemporary,260.5,60.55819508441711,61,6,1064408.448040331,88412.40502047879,1541478.745083744,675454.8521720538,0.6616177493858316,9,177401.4080067219,0.0830624796179077,10.16666666666667,0.5728454774951429,-0.06140735947569091,0.3337009804630922,0.0737120835637464,0.125030081336838,0.4721769315790207,0.5826596089708446,0.4934283993311235,0.5312168644009588,0,0,0,0,20260812
Le Monzù - Capri,REST_00023,Le Monzù,Capri,Campania,Sud_Isole,restaurant,https://guide.michelin.com/it/it/selection/italy/ristoranti,2026,LEGACY_IMPORTED_NOT_INDIVIDUALLY_REVERIFIED,local_name;municipality;restaurant_type (legacy import; not individually reverified),4.7,1620.0,€€€€,Contemporary,90.6,57.06614411911885,49,4,1159899.843145743,65932.04214591884,1413437.433552823,566785.1656635012,0.7851028167967181,12,289974.9607864358,0.0568428753012896,12.25,0.5862315580995022,-0.2591465980946543,0.1830247868288603,-0.7034956769707541,0.1198286306681354,0.4233230582486176,0.545628894428404,0.3092782566823007,0.5299213630755016,1,1,0,0,20260812
Luca's by Paulo Airaudo - Florence,REST_00024,Luca's by Paulo Airaudo,Florence,Toscana,Centro,restaurant,https://guide.michelin.com/it/it/selection/italy/ristoranti,2026,LEGACY_IMPORTED_NOT_INDIVIDUALLY_REVERIFIED,local_name;municipality;restaurant_type (legacy import; not individually reverified),4.8,358.0,€€€€,Contemporary,115.2,50.20820580968206,88,8,1844620.497587518,210448.9158461357,2047339.475024445,687400.2765137841,0.4242763381002619,13,230577.5621984398,0.11408792004717,11.0,0.8356993050167494,0.4134785692724469,0.1966024259063885,0.70423179953533,0.5941354193744687,0.5898822360047489,0.5489928998162251,0.6466238774247465,0.6443134393560459,1,0,1,0,20260812
Indaco - Lacco Ameno,REST_00025,Indaco,Lacco Ameno,Campania,Sud_Isole,restaurant,https://guide.michelin.com/it/it/selection/italy/ristoranti,2026,LEGACY_IMPORTED_NOT_INDIVIDUALLY_REVERIFIED,local_name;municipality;restaurant_type (legacy import; not individually reverified),4.7,375.0,€€€€,Creative,90.6,73.64797727865717,43,4,1404758.601676032,166256.9871415926,2370160.632460315,769306.1856912333,0.6316407971765609,7,351189.6504190079,0.1183527098130809,10.75,0.6626534975635961,-0.4112759041971061,0.1285943563623041,-0.4896984674502491,0.112379027887749,0.3866831875998594,0.5321043601103953,0.3567040428646209,0.528065226767241,0,0,1,0,20260812
Saporium - Chiusdino,REST_00026,Saporium,Chiusdino,Toscana,Centro,restaurant,https://guide.michelin.com/it/it/selection/italy/ristoranti,2026,LEGACY_IMPORTED_NOT_INDIVIDUALLY_REVERIFIED,local_name;municipality;restaurant_type (legacy import; not individually reverified),4.5,357.0,€€€€,Italian Contemporary,115.2,60.57616332831225,99,9,2433665.641619666,251800.3191334154,3317878.731530364,808629.6507740985,0.5748174020824008,8,270407.2935132963,0.1034654534407758,11.0,0.7803674092267623,1.033262534820028,0.6001250074624463,1.031524751302119,1.069839730256939,0.7277550946848353,0.6456849054423672,0.7173845220633849,0.744566435759203,1,1,1,0,20260812
INEO - Rome,REST_00027,INEO,Rome,Lazio,Centro,restaurant,https://guide.michelin.com/it/it/selection/italy/ristoranti,2026,LEGACY_IMPORTED_NOT_INDIVIDUALLY_REVERIFIED,local_name;municipality;restaurant_type (legacy import; not individually reverified),4.5,1616.0,€€€€,International,115.2,49.51630448989746,52,5,716411.4310000729,30257.1922107168,895944.6874253608,398735.6430789077,0.9124456569803827,20,143282.2862000146,0.04223437943819426,10.4,0.4262754725508119,-0.0775376025949597,-0.03265091665774042,-0.8383367636012113,0.2152413772764392,0.4681587480477942,0.4918379959367265,0.2812364309837059,0.5536035546825078,0,0,0,0,20260812
Il Sereno Al Lago - Torno,REST_00028,Il Sereno Al Lago,Torno,Lombardia,Nord,restaurant,https://guide.michelin.com/it/it/selection/italy/ristoranti,2026,LEGACY_IMPORTED_NOT_INDIVIDUALLY_REVERIFIED,local_name;municipality;restaurant_type (legacy import; not individually reverified),4.6,100.0,€€€€,Modern Cuisine,260.5,56.60143098776992,74,7,1509985.057575036,64859.13824081514,2420447.808823143,1063029.950773508,0.6002032485897566,5,215712.151082148,0.04295349673524308,10.57142857142857,0.7302680207486512,0.3198316570617871,0.6304686428890202,0.6456846147201383,0.2501938940477565,0.5670515765528586,0.6525957179496819,0.6331338103195554,0.5622242242439052,1,1,0,1,20260812
Senso Lake Garda Alfio Ghezzi - Limone sul Garda,REST_00029,Senso Lake Garda Alfio Ghezzi,Limone sul Garda,Lombardia,Nord,restaurant,https://guide.michelin.com/it/it/selection/italy/ristoranti,2026,LEGACY_IMPORTED_NOT_INDIVIDUALLY_REVERIFIED,local_name;municipality;restaurant_type (legacy import; not individually reverified),4.7,134.0,€€€€,Creative,260.5,65.18808611764007,82,8,1484321.452817264,49352.0467515245,2085268.676023586,727046.7993539796,0.8565113466493925,8,185540.181602158,0.03324889407065672,10.25,0.8205623768517089,0.989867938590295,1.150321223957147,0.8918889278491029,0.743544632574958,0.7190729808551767,0.7595695849256245,0.6882367760481809,0.6777704829873733,1,1,1,1,20260812
Serrae Villa Fiesole - Fiesole,REST_00030,Serrae Villa Fiesole,Fiesole,Toscana,Centro,restaurant,https://guide.michelin.com/it/it/selection/italy/ristoranti,2026,LEGACY_IMPORTED_NOT_INDIVIDUALLY_REVERIFIED,local_name;municipality;restaurant_type (legacy import; not individually reverified),4.2,207.0,€€€€,Italian Contemporary,115.2,43.93843346709997,54,5,894136.91348046,106824.3461342717,1515660.408010713,510986.1069762689,0.4242502469197155,8,178827.382696092,0.1194720232704118,10.8,0.6501112230748886,-0.7008612794924611,-0.5005710745603156,-0.4632175611628072,-0.4708912885762102,0.3206336613036517,0.3774064735449059,0.3628033055093478,0.3844053092626121,0,0,0,1,20260812
Elementi - Torgiano,REST_00031,Elementi,Torgiano,Umbria,Centro,restaurant,https://guide.michelin.com/it/it/selection/italy/ristoranti,2026,LEGACY_IMPORTED_NOT_INDIVIDUALLY_REVERIFIED,local_name;municipality;restaurant_type (legacy import; not individually reverified),4.9,74.0,€€€€,Italian Contemporary,115.2,46.28419591610709,31,3,462873.0892958343,46572.27703895255,420350.4465000578,182009.173092061,0.712806639212535,8,154291.0297652781,0.1006156506307218,10.33333333333333,0.6587363569093805,-0.9449301118940804,-0.4612285344810278,-1.13529983273686,-0.7153235889234111,0.2699393887942889,0.3866944218288679,0.225255177379915,0.3284235905425592,1,1,0,0,20260812
Anima - Milan,REST_00032,Anima,Milan,Lombardia,Nord,restaurant,https://guide.michelin.com/it/it/selection/italy/ristoranti,2026,LEGACY_IMPORTED_NOT_INDIVIDUALLY_REVERIFIED,local_name;municipality;restaurant_type (legacy import; not individually reverified),4.8,1580.0,€€€€,Contemporary,260.5,34.37493267201039,69,6,699204.2734835206,54632.98805809482,480915.6438253724,192133.259298732,0.5111585954936285,26,116534.0455805868,0.0781359470043091,11.5,0.570917217194408,-0.4222131475643793,-0.227610409806121,-0.09878642871580628,0.1263618324459955,0.384092555204874,0.44334179188811,0.4504663998228096,0.5315484905608778,1,1,0,0,20260812
Atto di Vito Mollica - Florence,REST_00033,Atto di Vito Mollica,Florence,Toscana,Centro,restaurant,https://guide.michelin.com/it/it/selection/italy/ristoranti,2026,LEGACY_IMPORTED_NOT_INDIVIDUALLY_REVERIFIED,local_name;municipality;restaurant_type (legacy import; not individually reverified),4.9,357.0,€€€€,Italian Contemporary,115.2,63.17250763717079,61,5,1489707.998571799,97463.70508888426,1188008.510149147,452583.3291944313,0.6902306771994745,15,297941.5997143597,0.06542470415834775,12.2,0.6545838354221226,0.01637555973931787,0.3273790618210892,-0.1801740061004153,0.5216467148773218,0.4915946818430558,0.5811215258916244,0.4304111166633658,0.6275327426349093,1,1,1,1,20260812
Otto Geleng - Taormina,REST_00034,Otto Geleng,Taormina,Sicilia,Sud_Isole,restaurant,https://guide.michelin.com/it/it/selection/italy/ristoranti,2026,LEGACY_IMPORTED_NOT_INDIVIDUALLY_REVERIFIED,local_name;municipality;restaurant_type (legacy import; not individually reverified),4.8,461.0,€€€€,Mediterranean,90.6,61.4272200012356,16,2,384574.032123676,45737.96210199776,435719.5806950722,133810.8077553232,0.4941846251487718,10,192287.016061838,0.1189314885600201,8.0,0.634194520916418,-1.779966968692745,-1.05901404969191,-1.60973985742892,-0.8228734479772376,0.1382422081880489,0.2574979161621037,0.1531974604956053,0.3051540473026184,0,1,0,0,20260812
Lunasia - Viareggio,REST_00035,Lunasia,Viareggio,Toscana,Centro,restaurant,https://guide.michelin.com/it/it/selection/italy/ristoranti,2026,LEGACY_IMPORTED_NOT_INDIVIDUALLY_REVERIFIED,local_name;municipality;restaurant_type (legacy import; not individually reverified),4.6,198.0,€€€€,Modern Cuisine,115.2,57.41482507827174,44,3,819632.0100966614,87910.97183311096,1144281.344874716,418821.2522515039,0.647708203140144,15,273210.6700322205,0.107256635600095,14.66666666666667,0.7124791735171929,-0.82979880119283,-0.1146434871942259,-0.8990461190761287,-0.07574585521181719,0.2932194739773944,0.4713704781267908,0.2691290070726297,0.4810725848989709,0,0,1,1,20260812
Cip's Club - Venice,REST_00036,Cip's Club,Venice,Veneto,Nord,restaurant,https://guide.michelin.com/it/it/selection/italy/ristoranti,2026,LEGACY_IMPORTED_NOT_INDIVIDUALLY_REVERIFIED,local_name;municipality;restaurant_type (legacy import; not individually reverified),4.4,12367.0,€€€€,Classic Cuisine,260.5,53.26751303188062,79,7,1423296.799865949,42070.13725840886,1194751.736474325,582168.3330872561,0.4836971056613793,18,203328.1142665641,0.02955823217081018,11.28571428571429,0.7151876630296118,0.0990899944950368,0.3719885345765941,0.585637035211485,0.5489131107979166,0.5122700346670779,0.59193939096218,0.6190780920951227,0.6338833876645491,1,1,1,1,20260812
Don Carlos - Milan,REST_00037,Don Carlos,Milan,Lombardia,Nord,restaurant,https://guide.michelin.com/it/it/selection/italy/ristoranti,2026,LEGACY_IMPORTED_NOT_INDIVIDUALLY_REVERIFIED,local_name;municipality;restaurant_type (legacy import; not individually reverified),4.4,4359.0,€€€€,Modern Cuisine,260.5,54.213486685965,48,5,1015116.267859999,87286.07299869788,1076990.472657808,258473.5035395294,0.6223255589536665,19,203023.2535719997,0.08598628133771183,9.6,0.5547441426569197,-0.4029251319113937,0.214224402624947,-0.1563611164101555,0.1085294725714227,0.3886655152327083,0.5533522194551823,0.4362584358400084,0.527105767593363,0,0,0,0,20260812
La Serra - Positano,REST_00038,La Serra,Positano,Campania,Sud_Isole,restaurant,https://guide.michelin.com/it/it/selection/italy/ristoranti,2026,LEGACY_IMPORTED_NOT_INDIVIDUALLY_REVERIFIED,local_name;municipality;restaurant_type (legacy import; not individually reverified),4.1,206.0,€€€€,Mediterranean,90.6,26.36724827552031,70,7,683393.1644769764,79482.48624158981,390761.5148682753,88390.0032852618,0.5354101152939252,9,97627.59492528233,0.1163056500607822,10.0,0.6581570244475122,-0.1656018129575755,-0.5550808401932642,-0.2718795128841684,-0.4765848720814208,0.4463073737737386,0.3646864205889258,0.4080869431806693,0.383058881589619,0,1,1,0,20260812
i-Fame - Rimini,REST_00039,i-Fame,Rimini,Emilia-Romagna,Nord,restaurant,https://guide.michelin.com/it/it/selection/italy/ristoranti,2026,LEGACY_IMPORTED_NOT_INDIVIDUALLY_REVERIFIED,local_name;municipality;restaurant_type (legacy import; not individually reverified),4.0,555.0,€€,Italian Contemporary,260.5,41.13238308533648,59,5,855069.4164945963,66879.96909550745,708075.7992388145,193974.0065768662,0.6452705658012992,12,171013.8832989192,0.07821583582030747,11.8,0.3853771062947101,-0.4827854987287454,-0.03408886041143241,-0.4520989337427755,-0.1838191112164823,0.3698674493337438,0.4914786100715448,0.3653775775603401,0.4541741854024504,0,1,0,1,20260812
Acanto - Milan,REST_00040,Acanto,Milan,Lombardia,Nord,restaurant,https://guide.michelin.com/it/it/selection/italy/ristoranti,2026,LEGACY_IMPORTED_NOT_INDIVIDUALLY_REVERIFIED,local_name;municipality;restaurant_type (legacy import; not individually reverified),4.1,1419.0,€€€€,Modern Cuisine,260.5,58.69545718958066,61,5,1332462.231365645,142437.0481553677,1556454.752309441,426376.9359555143,0.6337685395194461,15,266492.4462731291,0.1068976251652427,12.2,0.5854277659471955,-0.1850621491530567,0.4576568041095203,0.03142585813983662,0.3589718456949009,0.441503562881899,0.6124581579554693,0.4828631793759537,0.5887915241291118,1,0,1,1,20260812
Winter Garden Florence - Florence,REST_00041,Winter Garden Florence,Florence,Toscana,Centro,restaurant,https://guide.michelin.com/it/it/selection/italy/ristoranti,2026,LEGACY_IMPORTED_NOT_INDIVIDUALLY_REVERIFIED,local_name;municipality;restaurant_type (legacy import; not individually reverified),4.4,2077.0,€€€€,Mediterranean,115.2,57.00155396892984,55,6,1202814.52864382,25590.93412959469,960876.2081427522,404362.6222335942,0.5670309743800424,18,200469.0881073033,0.02127587713664268,9.166666666666666,0.5248937436320454,-0.2325157408259559,-0.1651185832965809,-0.2996357095258417,0.2472507033214068,0.4298371168968282,0.4588138870342131,0.4013998677342793,0.561499690000785,0,1,0,1,20260812
Maxi - Vico Equense,REST_00042,Maxi,Vico Equense,Campania,Sud_Isole,restaurant,https://guide.michelin.com/it/it/selection/italy/ristoranti,2026,LEGACY_IMPORTED_NOT_INDIVIDUALLY_REVERIFIED,local_name;municipality;restaurant_type (legacy import; not individually reverified),4.7,905.0,€€€€,Creative,90.6,59.61556211412626,78,6,2085157.742918354,180632.3668968823,2271197.713104148,795852.515554228,0.7602584206230636,12,347526.2904863924,0.08662767481757618,13.0,0.7317600377480777,0.6714499252533961,0.6999530693891132,0.3177605224229706,0.8847457308994952,0.6505482395696665,0.6681773669654529,0.554226018222286,0.707804686976756,0,0,1,1,20260812
Al Palazzo - Positano,REST_00043,Al Palazzo,Positano,Campania,Sud_Isole,restaurant,https://guide.michelin.com/it/it/selection/italy/ristoranti,2026,LEGACY_IMPORTED_NOT_INDIVIDUALLY_REVERIFIED,local_name;municipality;restaurant_type (legacy import; not individually reverified),4.2,124.0,€€€,Mediterranean,90.6,44.99336360452319,47,4,680266.5139807549,43210.51262075036,693350.6971027487,142116.5535407521,0.6317005610065288,10,170066.6284951887,0.06351997596926079,11.75,0.6016540322953979,-0.7023624389210849,-0.4470542974586184,-0.9065883140013702,-0.4281197662915895,0.3203067552564331,0.3900613610477329,0.2676480537716878,0.3945754032795222,1,1,0,1,20260812
Morelli - Milan,REST_00044,Morelli,Milan,Lombardia,Nord,restaurant,https://guide.michelin.com/it/it/selection/italy/ristoranti,2026,LEGACY_IMPORTED_NOT_INDIVIDUALLY_REVERIFIED,local_name;municipality;restaurant_type (legacy import; not individually reverified),4.5,919.0,€€€€,Creative,260.5,65.43428960253439,107,11,2839762.184512472,198601.9351616767,2843547.757171886,1205198.346003619,0.6736329535539438,14,258160.1985920429,0.06993611515950673,9.727272727272727,0.6299890336123964,1.511119326451171,1.108750702268274,1.61623993425857,1.651000575356523,0.8117038131533145,0.7518961303700451,0.8199841243194469,0.8390262351898903,1,1,1,0,20260812
Armani/Ristorante - Milan,REST_00045,Armani/Ristorante,Milan,Lombardia,Nord,restaurant,https://guide.michelin.com/it/it/selection/italy/ristoranti,2026,LEGACY_IMPORTED_NOT_INDIVIDUALLY_REVERIFIED,local_name;municipality;restaurant_type (legacy import; not individually reverified),4.7,681.0,€€€€,Italian Contemporary,260.5,63.76658207545834,57,6,1292856.183655735,61023.09450062303,1509085.430770596,451198.3520185288,0.5046981818431904,20,215476.0306092892,0.04720021861060487,9.5,0.4247911493755737,-0.3630408193724705,0.05542534744053931,-0.01336487546831944,0.4236829551760233,0.3981832143299144,0.5138527907628799,0.4716890946646596,0.6043642119392116,1,1,0,0,20260812
Osteria del Guà - Bagnolo,REST_00046,Osteria del Guà,Bagnolo,Lombardia,Nord,restaurant,https://guide.michelin.com/it/it/selection/italy/ristoranti,2026,LEGACY_IMPORTED_NOT_INDIVIDUALLY_REVERIFIED,local_name;municipality;restaurant_type (legacy import; not individually reverified),3.9,371.0,€€€,Modern Cuisine,260.5,31.93997590433841,63,5,622654.5811649881,69116.44180254605,371820.4320946395,140613.1542288056,0.4985266928891454,10,124530.9162329976,0.1110028640168824,12.6,0.827316639913923,-0.516219149418365,-0.08077687434814501,0.01703713248529481,-0.5103888259702635,0.3621096932958331,0.4798167546969003,0.4792711711874907,0.3751023800716695,0,0,1,0,20260812
VeRo - Venetian Roots - Venice,REST_00047,VeRo - Venetian Roots,Venice,Veneto,Nord,restaurant,https://guide.michelin.com/it/it/selection/italy/ristoranti,2026,LEGACY_IMPORTED_NOT_INDIVIDUALLY_REVERIFIED,local_name;municipality;restaurant_type (legacy import; not individually reverified),4.6,1910.0,€€€,Modern Cuisine,260.5,48.36728111332312,57,6,872250.7713716028,44066.8125431099,1227740.535364192,335977.0407508406,0.6120078740958645,15,145375.1285619338,0.05052080661827954,9.5,0.6492946567094291,-0.1872992092056108,0.181069369803157,0.0841411757855274,-0.03273768436271162,0.4409520251192857,0.5451440682390035,0.4960353770386848,0.4918163098061734,1,1,0,1,20260812
Tosca - Casole d'Elsa,REST_00048,Tosca,Casole d'Elsa,Toscana,Centro,restaurant,https://guide.michelin.com/it/it/selection/italy/ristoranti,2026,LEGACY_IMPORTED_NOT_INDIVIDUALLY_REVERIFIED,local_name;municipality;restaurant_type (legacy import; not individually reverified),4.9,184.0,€€€€,Modern Cuisine,115.2,62.02072135781554,77,6,1503198.082964611,41494.77028437726,1955227.891595705,793864.7934674371,0.9310209311424567,14,250533.0138274352,0.02760432623925462,12.83333333333333,0.6763232736216122,0.7094788138329139,0.7718222827900636,0.03798806233088975,0.8675508188012403,0.6591433014924227,0.6839149582032595,0.4845019817082613,0.7042358189069328,0,1,0,1,20260812
Osteria Francescana - Modena,REST_00049,Osteria Francescana,Modena,Emilia-Romagna,Nord,restaurant,https://guide.michelin.com/it/it/selection/italy/ristoranti,2026,LEGACY_IMPORTED_NOT_INDIVIDUALLY_REVERIFIED,local_name;municipality;restaurant_type (legacy import; not individually reverified),4.5,88.0,€€€€,Italian Contemporary,260.5,52.63829962586455,57,6,877353.1392291203,87061.19925243259,946369.2712582086,227616.8313008243,0.7551505866377239,10,146225.5232048534,0.09923164956009418,9.5,0.5268169848621266,-0.01766280449746287,0.3129577629824258,-0.0734779500637566,-0.02009239934632337,0.4830907496219302,0.5776070528573347,0.4567389517639572,0.4949770691439362,1,1,0,1,20260812
Piazza Duomo - Alba,REST_00050,Piazza Duomo,Alba,Piemonte,Nord,restaurant,https://guide.michelin.com/it/it/selection/italy/ristoranti,2026,LEGACY_IMPORTED_NOT_INDIVIDUALLY_REVERIFIED,local_name;municipality;restaurant_type (legacy import; not individually reverified),4.7,478.0,€€€€,Creative,260.5,59.23864779254117,77,6,1851047.680834147,191053.6855394744,2037725.097841874,613506.4084703517,0.4287417292774249,9,308507.9468056912,0.1032138110312636,12.83333333333333,0.3545913248267236,-0.2404225752561927,0.1105752650364937,0.1547353867439059,0.458552562694703,0.4279004167981414,0.5276156841654627,0.5136804313514962,0.6126707476591712,0,1,0,1,20260812
Reale - Castel di Sangro,REST_00051,Reale,Castel di Sangro,Abruzzo,Sud_Isole,restaurant,https://guide.michelin.com/it/it/selection/italy/ristoranti,2026,LEGACY_IMPORTED_NOT_INDIVIDUALLY_REVERIFIED,local_name;municipality;restaurant_type (legacy import; not individually reverified),4.8,245.0,€€€€,Creative,90.6,56.45465369927717,101,9,1845759.557594287,68149.46372707035,3081400.483573586,1498790.45017838,0.4198538233839137,8,205084.3952882542,0.03692217843146076,11.22222222222222,0.7578517168066501,0.540666316561202,0.04960699621649244,0.6649680196565848,0.7114088282016425,0.6202633869304187,0.5123992064385985,0.6376012630878531,0.6707123845753957,1,0,1,1,20260812
Atelier Moessmer Norbert Niederkofler - Brunico,REST_00052,Atelier Moessmer Norbert Niederkofler,Brunico,Trentino-Alto Adige,Nord,restaurant,https://guide.michelin.com/it/it/selection/italy/ristoranti,2026,LEGACY_IMPORTED_NOT_INDIVIDUALLY_REVERIFIED,local_name;municipality;restaurant_type (legacy import; not individually reverified),4.4,3022.0,€€€€,Modern Cuisine,260.5,44.34920537427986,51,5,950826.0049299712,92453.02645856152,1007560.648311251,502332.209750463,0.4554894670898423,8,190165.2009859942,0.09723443193517907,10.2,0.2135988021496729,-0.9246111785726565,-0.455302626917721,-0.6319261834398702,-0.4636273317946465,0.2739623512380202,0.3881007611602885,0.3247721821249591,0.3861256734867825,0,1,0,0,20260812
Uliassi - Senigallia,REST_00053,Uliassi,Senigallia,Marche,Centro,restaurant,https://guide.michelin.com/it/it/selection/italy/ristoranti,2026,LEGACY_IMPORTED_NOT_INDIVIDUALLY_REVERIFIED,local_name;municipality;restaurant_type (legacy import; not individually reverified),4.6,98.0,€€€€,Seafood,115.2,64.26085409750502,92,9,2319254.530509599,202621.9512698175,2075271.923273711,774797.0397555563,0.6746060011818159,4,257694.9478343999,0.08736512038861742,10.22222222222222,0.7109559327208399,1.085797633698596,0.6705575377663523,0.8876005744899816,0.9328451570645235,0.7380383431713431,0.6616279899926933,0.6873158953451579,0.7176521495115586,1,1,1,1,20260812
Casa Perbellini 12 Apostoli - Verona,REST_00054,Casa Perbellini 12 Apostoli,Verona,Veneto,Nord,restaurant,https://guide.michelin.com/it/it/selection/italy/ristoranti,2026,LEGACY_IMPORTED_NOT_INDIVIDUALLY_REVERIFIED,local_name;municipality;restaurant_type (legacy import; not individually reverified),4.7,2439.0,€€€€,Italian Contemporary,260.5,48.78863787952142,54,5,939775.9977875433,37027.49937613172,655852.393407484,229076.924991074,0.4519607142059445,9,187955.1995575087,0.03940034589445067,10.8,0.9072843278055447,-0.4679357072720844,0.2098991543190254,0.2690999213891033,-0.3341778313132636,0.373335060924248,0.5522829739481895,0.5421745305791995,0.4172244410254733,0,0,0,1,20260812
4 Archi - Milo,REST_00055,4 Archi,Milo,Sicilia,Sud_Isole,restaurant,https://guide.michelin.com/it/it/selection/italy/ristoranti,2026,LEGACY_IMPORTED_NOT_INDIVIDUALLY_REVERIFIED,local_name;municipality;restaurant_type (legacy import; not individually reverified),4.9,135.0,€€€,Sicilian,90.6,52.72109247322867,44,5,804110.8334762591,87422.28273040385,1029125.522527905,239261.1367153024,0.6256972407086339,10,160822.1666952518,0.1087191952786754,8.8,0.8457139871017958,-0.3040257052405444,-0.0993177336804798,-0.3131118354376073,-0.3153401969186575,0.4124065396534335,0.475190956287247,0.3981661966359347,0.4218117954380857,1,0,0,1,20260812
Abbamele Osteria - Mamoiada,REST_00056,Abbamele Osteria,Mamoiada,Sardegna,Sud_Isole,restaurant,https://guide.michelin.com/it/it/selection/italy/ristoranti,2026,LEGACY_IMPORTED_NOT_INDIVIDUALLY_REVERIFIED,local_name;municipality;restaurant_type (legacy import; not individually reverified),4.7,214.0,€€€,Sardinian,90.6,57.49322147180274,56,5,967128.6924139541,21812.37884751892,1084208.2386762,374252.7634100917,0.6579888299851924,6,193425.7384827908,0.02255375010442013,11.2,0.98,-0.0444802612313201,0.219485836472259,-0.06181793544452163,-0.1175263706652862,0.4763974894370386,0.5546522335347287,0.4596335608048127,0.4706521799957186,1,0,0,0,20260812
Agra Mater - Colmurano,REST_00057,Agra Mater,Colmurano,Marche,Centro,restaurant,https://guide.michelin.com/it/it/selection/italy/ristoranti,2026,LEGACY_IMPORTED_NOT_INDIVIDUALLY_REVERIFIED,local_name;municipality;restaurant_type (legacy import; not individually reverified),4.4,1646.0,€€€,Regional Cuisine,115.2,53.21903183671351,76,6,1342264.19991851,159529.4103622809,1296434.681026239,369638.6882429637,0.7901790827406365,5,223710.6999864184,0.1188509761133211,12.66666666666667,0.7003180332784366,0.4168718083250208,0.4710026082847014,-0.005571927823497302,0.2977470083262289,0.5907028813351543,0.6156210328568164,0.4736315041856419,0.5738916621153937,0,1,0,1,20260812
Ai Due Platani - Parma,REST_00058,Ai Due Platani,Parma,Emilia-Romagna,Nord,restaurant,https://guide.michelin.com/it/it/selection/italy/ristoranti,2026,LEGACY_IMPORTED_NOT_INDIVIDUALLY_REVERIFIED,local_name;municipality;restaurant_type (legacy import; not individually reverified),4.2,258.0,€€€,Emilian,260.5,45.85089272599952,81,6,1230798.85536131,94463.77437382066,1231292.205832963,507912.3337352346,0.6085288791678255,11,205133.1425602183,0.07674996930842136,13.5,0.5611797826496107,-0.006867904421714782,0.3337443435742282,0.1359173387972442,0.2729893567701616,0.4857868540818659,0.5826701534275635,0.5089783695040216,0.5678266399866594,0,0,0,1,20260812
Al Convento - Casa Torrente - Cetara,REST_00059,Al Convento - Casa Torrente,Cetara,Campania,Sud_Isole,restaurant,https://guide.michelin.com/it/it/selection/italy/ristoranti,2026,LEGACY_IMPORTED_NOT_INDIVIDUALLY_REVERIFIED,local_name;municipality;restaurant_type (legacy import; not individually reverified),4.7,108.0,€€€,Campanian,90.6,65.7165182106092,110,10,2309977.646463835,177551.1815519454,2199521.587725725,1027071.755435313,0.6743903939064924,13,230997.7646463835,0.07686272714532309,11.0,0.4713659086925665,1.121802731601375,0.3690871940253532,0.6202400011563285,1.469718604829376,0.744939594335954,0.5912383939280625,0.6272038848977468,0.8130146115845983,1,1,1,1,20260812
All' Osteria Bottega - Bologna,REST_00060,All' Osteria Bottega,Bologna,Emilia-Romagna,Nord,restaurant,https://guide.michelin.com/it/it/selection/italy/ristoranti,2026,LEGACY_IMPORTED_NOT_INDIVIDUALLY_REVERIFIED,local_name;municipality;restaurant_type (legacy import; not individually reverified),4.6,638.0,€€€,Emilian,260.5,47.52297394992251,70,5,1186831.616862984,51158.11565757408,1039789.737930853,486870.6287482745,0.6880411617666574,17,237366.3233725968,0.04310477992892915,14.0,0.3309885218746434,-0.2701104144864259,0.2199437975399827,-0.3687328863443329,0.3644859148607374,0.4206488392305078,0.5547653530998277,0.3849161962317905,0.590125912158166,1,1,0,1,20260812
Antica Bottega del Vino - Verona,REST_00061,Antica Bottega del Vino,Verona,Veneto,Nord,wine_bar,https://guide.michelin.com/it/it/selection/italy/ristoranti,2026,LEGACY_IMPORTED_NOT_INDIVIDUALLY_REVERIFIED,local_name;municipality;restaurant_type (legacy import; not individually reverified),4.9,196.0,€€€,Italian,260.5,30.0040585061304,61,8,843593.8970911091,57644.82636483172,1063002.864174224,239754.8476455664,0.4352279153872943,9,105449.2371363886,0.06833243645266203,7.625,0.6568823081598578,-0.1814073576594574,-0.1412161153634293,0.37985338465994,-0.557768154039356,0.4424049463740699,0.4647545237824759,0.5695102788688448,0.3640640229088608,1,1,1,1,20260812
CIZ - Cantina e Cucina - Milan,REST_00062,CIZ - Cantina e Cucina,Milan,Lombardia,Nord,wine_bar,https://guide.michelin.com/it/it/selection/italy/ristoranti,2026,LEGACY_IMPORTED_NOT_INDIVIDUALLY_REVERIFIED,local_name;municipality;restaurant_type (legacy import; not individually reverified),4.1,387.0,€€€,Italian,260.5,22.85560443475057,76,9,961129.2350191514,25475.25331114358,669907.4536291917,137729.1878884058,0.5160582414420253,24,106792.1372243502,0.026505544086,8.444444444444445,0.54044061719335,0.1206658349380109,-0.02259070170962145,0.4078597265404722,0.09647227096479283,0.5176591107128047,0.4943525647464684,0.5763627588773533,0.5240993797652067,0,1,0,1,20260812
Da Nando - Mortegliano,REST_00063,Da Nando,Mortegliano,Friuli-Venezia Giulia,Nord,wine_bar,https://guide.michelin.com/it/it/selection/italy/ristoranti,2026,LEGACY_IMPORTED_NOT_INDIVIDUALLY_REVERIFIED,local_name;municipality;restaurant_type (legacy import; not individually reverified),4.8,1018.0,€€€,Friulian,260.5,31.02012093965885,53,8,820163.5760122024,84259.41904670538,565055.2613122273,149708.8191374799,0.8109061076476791,7,102520.4470015253,0.1027348952222328,6.625,0.5740864039223124,0.369133374898889,0.4077996082518593,0.2607908227678535,-0.4623182118196695,0.5791130344638312,0.6005601490132957,0.5401113240993,0.3864360238688054,1,0,0,0,20260812
Del Gatto - Anzio,REST_00064,Del Gatto,Anzio,Lazio,Centro,wine_bar,https://guide.michelin.com/it/it/selection/italy/ristoranti,2026,LEGACY_IMPORTED_NOT_INDIVIDUALLY_REVERIFIED,local_name;municipality;restaurant_type (legacy import; not individually reverified),4.8,1305.0,€€€,Italian,115.2,25.98207913954359,57,8,546025.8274389906,20757.39753284832,353720.6689793797,108479.4856862737,0.5142653338173668,9,68253.22842987382,0.03801541335545637,7.125,0.5463745698981979,-0.246014042201712,-0.7973619873050202,-0.2781306019103754,-0.7275288474827958,0.4265321716258692,0.3105900979816694,0.4065778521592817,0.325737238900723,0,1,0,0,20260812
Enoteca della Valpolicella - Fumane,REST_00065,Enoteca della Valpolicella,Fumane,Veneto,Nord,wine_bar,https://guide.michelin.com/it/it/selection/italy/ristoranti,2026,LEGACY_IMPORTED_NOT_INDIVIDUALLY_REVERIFIED,local_name;municipality;restaurant_type (legacy import; not individually reverified),4.5,204.0,€€€,Venetian,260.5,26.22952966455217,56,8,693089.0954793233,21275.37347693158,990006.5491861418,481096.5467135057,0.4678349573941801,18,86636.13693491541,0.03069644814166072,7.0,0.6632742438948673,-0.1998614420690751,-0.2183550277684002,0.3181527103576879,-0.444423713680094,0.4378576032371902,0.445627108300353,0.5543229099308006,0.39068739311934,0,0,1,1,20260812
Enoteca Quattro Ruote - Montalto di Castro,REST_00066,Enoteca Quattro Ruote,Montalto di Castro,Lazio,Centro,wine_bar,https://guide.michelin.com/it/it/selection/italy/ristoranti,2026,LEGACY_IMPORTED_NOT_INDIVIDUALLY_REVERIFIED,local_name;municipality;restaurant_type (legacy import; not individually reverified),4.6,706.0,€€,Italian,115.2,33.14130509881821,50,9,632289.5424616649,61511.64058818684,360525.6732956921,148955.857591421,0.6390892873298104,8,70254.39360685165,0.09728397586445332,5.555555555555555,0.5754516876128317,0.1143088316555428,-0.4484698640125514,-0.07458638298014225,-0.6317615141149348,0.5160716694280262,0.3897246311205188,0.4564639312032777,0.3471112271928029,0,0,0,0,20260812
Ba Restaurant - Milan,REST_00067,Ba Restaurant,Milan,Lombardia,Nord,restaurant,https://guide.michelin.com/it/it/selection/italy/ristoranti,2026,LEGACY_IMPORTED_NOT_INDIVIDUALLY_REVERIFIED,local_name;municipality;restaurant_type (legacy import; not individually reverified),4.6,2426.0,€€€,Chinese,260.5,57.41155107339799,63,5,1587626.798348243,188267.6689229606,1827544.607005153,740242.5839306294,0.4505219741631032,15,317525.3596696487,0.1185843355118678,12.6,0.6238844435707332,-0.3728654336850548,0.3028702514564056,0.2004253264518706,0.3361000433824192,0.395831280748959,0.575144023265214,0.5250852525768295,0.5832428668940322,1,0,0,1,20260812
Gong Oriental Attitude - Milan,REST_00068,Gong Oriental Attitude,Milan,Lombardia,Nord,restaurant,https://guide.michelin.com/it/it/selection/italy/ristoranti,2026,LEGACY_IMPORTED_NOT_INDIVIDUALLY_REVERIFIED,local_name;municipality;restaurant_type (legacy import; not individually reverified),4.4,3829.0,€€€€,Asian,260.5,52.94323459674412,48,5,867522.5029947149,72136.99860767805,623245.1253682012,242997.5450943239,0.8205282770603337,13,173504.500598943,0.08315288463257019,9.6,0.5175365209101751,-0.1391595056404466,0.4089947994645196,-0.2736614773161109,-0.008140857785034178,0.4528506287098794,0.6008468261428362,0.4076565767278441,0.4979647967937434,1,1,1,1,20260812
Il Gusto di Xinge - Florence,REST_00069,Il Gusto di Xinge,Florence,Toscana,Centro,restaurant,https://guide.michelin.com/it/it/selection/italy/ristoranti,2026,LEGACY_IMPORTED_NOT_INDIVIDUALLY_REVERIFIED,local_name;municipality;restaurant_type (legacy import; not individually reverified),4.1,5617.0,€€€,Chinese,115.2,54.75604435532605,83,9,1926573.389328251,183581.4284746999,1115483.665107284,541113.8963719261,0.5107760763194884,22,214063.7099253612,0.09528909175824872,9.222222222222221,0.7419935687979067,0.6348815490089613,0.2854304954572721,0.7453769806133459,0.9522414333150396,0.6421898755056018,0.570877076355401,0.6559679209350449,0.7215657248825448,1,0,1,1,20260812
Il Vizio all'Hotel Quattrotorri - Perugia,REST_00070,Il Vizio all'Hotel Quattrotorri,Perugia,Umbria,Centro,restaurant,https://guide.michelin.com/it/it/selection/italy/ristoranti,2026,LEGACY_IMPORTED_NOT_INDIVIDUALLY_REVERIFIED,local_name;municipality;restaurant_type (legacy import; not individually reverified),4.5,132.0,€€€,Japanese,115.2,53.88529227050461,14,2,314689.4533498363,6448.248232328222,295703.9002938359,138482.007844066,0.6071033092620878,9,157344.7266749181,0.02049083044788217,7.0,0.5403883086065409,-1.681041293851804,-1.034688870478546,-1.701295972354939,-0.9379885401622183,0.1504544353044598,0.262176079181908,0.1416933802522665,0.2813068271024925,0,0,0,0,20260812
IYO Restaurant - Milan,REST_00071,IYO Restaurant,Milan,Lombardia,Nord,restaurant,https://guide.michelin.com/it/it/selection/italy/ristoranti,2026,LEGACY_IMPORTED_NOT_INDIVIDUALLY_REVERIFIED,local_name;municipality;restaurant_type (legacy import; not individually reverified),4.5,4693.0,€€€€,Japanese,260.5,51.09812106380702,85,6,1343888.221168953,43720.80660133271,1363116.807840801,272903.2105855726,0.6320032152902464,15,223981.3701948255,0.03253306778989631,14.16666666666667,0.930904556266142,0.3357717760142108,0.7991525718810792,0.6715289573546874,0.5831381792242764,0.5709606800281992,0.6897931788589203,0.6391158991754545,0.6417891812147831,1,1,1,0,20260812
Kohaku - Rome,REST_00072,Kohaku,Rome,Lazio,Centro,restaurant,https://guide.michelin.com/it/it/selection/italy/ristoranti,2026,LEGACY_IMPORTED_NOT_INDIVIDUALLY_REVERIFIED,local_name;municipality;restaurant_type (legacy import; not individually reverified),4.7,1121.0,€€€,Japanese,115.2,58.37964422847904,85,8,1606453.818786875,171790.7448904689,937090.0243900818,297446.2165926156,0.5858119974880514,20,200806.7273483593,0.1069378670469332,10.625,0.6033544580477717,0.4387931881584069,0.1501608051103626,0.2898654884129121,0.9050975487304919,0.5959921501893014,0.5374698210937577,0.5473242917091277,0.7119959229475571,0,0,1,1,20260812
Moi Omakase - Prato,REST_00073,Moi Omakase,Prato,Toscana,Centro,restaurant,https://guide.michelin.com/it/it/selection/italy/ristoranti,2026,LEGACY_IMPORTED_NOT_INDIVIDUALLY_REVERIFIED,local_name;municipality;restaurant_type (legacy import; not individually reverified),4.5,405.0,€€€,Japanese,115.2,40.54314593532991,69,6,1101897.282864857,36464.7797951511,829083.3924028681,356742.0704190469,0.5629572388990475,12,183649.5471441429,0.03309272140171285,11.5,0.5478220116686882,-0.1977086503638025,-0.2120611884629137,-0.3166548947477632,-0.01933093253112216,0.4383875584688153,0.447182488087513,0.3973174808782485,0.4951674173549003,0,1,0,1,20260812
Nomisan - Rome,REST_00074,Nomisan,Rome,Lazio,Centro,restaurant,https://guide.michelin.com/it/it/selection/italy/ristoranti,2026,LEGACY_IMPORTED_NOT_INDIVIDUALLY_REVERIFIED,local_name;municipality;restaurant_type (legacy import; not individually reverified),4.5,1643.0,€€€,Japanese,115.2,77.42994529470892,78,5,2005044.226972145,70654.96795768755,3136122.186331559,1454573.346891206,0.6375363194598985,14,401008.8453944291,0.03523860820984729,15.6,0.588849897772417,0.1524002322678384,0.3831796422391945,-0.02618634150915121,1.088902332467619,0.5255777117250585,0.594639764498247,0.4684952077477528,0.7481749673046691,0,0,0,1,20260812
Vero - Omakase Rooftop - Nola,REST_00075,Vero - Omakase Rooftop,Nola,Campania,Sud_Isole,restaurant,https://guide.michelin.com/it/it/selection/italy/ristoranti,2026,LEGACY_IMPORTED_NOT_INDIVIDUALLY_REVERIFIED,local_name;municipality;restaurant_type (legacy import; not individually reverified),4.7,386.0,€€€,Japanese,90.6,50.43520941892076,71,6,1223364.895630128,139790.9195149752,1035361.569110275,484770.9317295243,0.6733132784808009,8,203894.149271688,0.1142675582847847,11.83333333333333,0.5844146991122322,0.07161925854830822,0.0256800834400846,-0.2758287872903925,0.1533051379930898,0.5054046041328357,0.5064196680674635,0.4071333354782257,0.5382513969830688,0,1,0,1,20260812
Ahimè - Bologna,REST_00076,Ahimè,Bologna,Emilia-Romagna,Nord,bistrot,https://guide.michelin.com/it/it/selection/italy/ristoranti,2026,LEGACY_IMPORTED_NOT_INDIVIDUALLY_REVERIFIED,local_name;municipality;restaurant_type (legacy import; not individually reverified),4.4,620.0,€€,Contemporary,260.5,26.48557547552503,50,8,715396.5421273763,71342.10972770472,411626.8897681751,133935.8958744456,0.9549865483699946,16,89424.56776592204,0.0997238671514326,6.25,0.5661521980763178,0.5604850770585534,0.5521339341198764,0.2016638069163943,-0.2381893377443486,0.6249201809684521,0.6346305381769782,0.5253940837203707,0.4407326081102516,1,1,1,1,20260812
Al Callianino - Montecchia di Crosara,REST_00077,Al Callianino,Montecchia di Crosara,Veneto,Nord,bistrot,https://guide.michelin.com/it/it/selection/italy/ristoranti,2026,LEGACY_IMPORTED_NOT_INDIVIDUALLY_REVERIFIED,local_name;municipality;restaurant_type (legacy import; not individually reverified),4.2,521.0,€€,Italian,260.5,27.59797190086483,53,6,858964.3707259726,55710.02253953301,889304.2716937287,211442.706416244,0.6536811149664631,13,143160.7284543288,0.06485719831714144,8.833333333333334,0.2761186682086385,-0.3822821761444467,-0.1233431173309097,-0.4095267920161207,-0.4259550337998838,0.3935815008575543,0.4692032546911081,0.3753044630793635,0.3950926446582167,0,1,1,0,20260812
Baccano - Rome,REST_00078,Baccano,Rome,Lazio,Centro,bistrot,https://guide.michelin.com/it/it/selection/italy/ristoranti,2026,LEGACY_IMPORTED_NOT_INDIVIDUALLY_REVERIFIED,local_name;municipality;restaurant_type (legacy import; not individually reverified),4.4,4289.0,€€€,Italian,115.2,35.93040581358467,53,7,1220720.714317614,70591.01928712268,741699.655611697,282191.445241595,0.9055094883454835,21,174388.6734739449,0.05782732975624421,7.571428571428571,0.4762296887038686,0.4778961930978898,0.3835150067452365,-0.1959301346357541,0.2447498628773564,0.6053711870331431,0.5947205993041498,0.4265526957509507,0.5608838442015085,1,1,0,1,20260812
Caffè dell'Oro - Florence,REST_00079,Caffè dell'Oro,Florence,Toscana,Centro,bistrot,https://guide.michelin.com/it/it/selection/italy/ristoranti,2026,LEGACY_IMPORTED_NOT_INDIVIDUALLY_REVERIFIED,local_name;municipality;restaurant_type (legacy import; not individually reverified),4.7,1345.0,€€€,Italian,115.2,31.11282371028814,22,4,327608.7248216271,14298.96658050605,478479.3794013126,170408.5505086514,0.9044224007723178,15,81902.18120540677,0.04364647671789389,5.5,0.3821272066041589,-0.6201706848487956,-0.6465505939301859,-1.293987845456715,-0.7671943780060848,0.338458622657538,0.3437672735463183,0.1987718831131678,0.3170863308979734,1,0,1,1,20260812
Franceschetta58 - Modena,REST_00080,Franceschetta58,Modena,Emilia-Romagna,Nord,bistrot,https://guide.michelin.com/it/it/selection/italy/ristoranti,2026,LEGACY_IMPORTED_NOT_INDIVIDUALLY_REVERIFIED,local_name;municipality;restaurant_type (legacy import; not individually reverified),4.4,3430.0,€€€,Italian Contemporary,260.5,25.27173996275479,56,7,663558.3328241388,76778.45142187653,611177.4530516816,129923.8946962638,0.5568531942678424,15,94794.04754630555,0.115707161863379,8.0,0.6677795374768943,-0.1940494949556105,-0.09086264577467422,0.1700967325945237,-0.4979439271071091,0.4392886589740331,0.4772999540779362,0.5175170111739503,0.3780239750796923,1,0,1,1,20260812
Lanzani Bottega & Bistrot - Brescia,REST_00081,Lanzani Bottega & Bistrot,Brescia,Lombardia,Nord,bistrot,https://guide.michelin.com/it/it/selection/italy/ristoranti,2026,LEGACY_IMPORTED_NOT_INDIVIDUALLY_REVERIFIED,local_name;municipality;restaurant_type (legacy import; not individually reverified),4.6,894.0,€€,Italian,260.5,28.08804877463839,48,6,706623.6665302049,56985.57186245282,1189885.386314009,441894.1171197185,0.445578243291721,19,117770.6110883675,0.08064486736238823,8.0,0.6519527119419632,-0.5767073087314736,-0.2542046243937692,0.01052440917091297,-0.5082146326634399,0.3482575199409012,0.4367888697519872,0.4776460139165286,0.3756121504818266,0,0,0,0,20260812
Nidaba - Montebelluna,REST_00082,Nidaba,Montebelluna,Veneto,Nord,pub,https://guide.michelin.com/it/it/selection/italy/ristoranti,2026,LEGACY_IMPORTED_NOT_INDIVIDUALLY_REVERIFIED,local_name;municipality;restaurant_type (legacy import; not individually reverified),4.3,50.0,€€,Italian,260.5,28.93972379463349,38,5,431905.7271298334,17235.21888461204,731436.8384534713,340482.1625261155,0.5280385355939388,13,86381.14542596668,0.03990504825936479,7.6,0.642951197568183,-0.7716922574231969,-0.4706134567044167,-0.312583124748546,-0.8596444159583043,0.3054045587325052,0.3844710569153908,0.398292898331801,0.2974136427056037,0,1,0,0,20260812
Osteria Origano - Palmariggi,REST_00083,Osteria Origano,Palmariggi,Puglia,Sud_Isole,restaurant,https://guide.michelin.com/it/it/selection/italy/ristoranti,2026,LEGACY_IMPORTED_NOT_INDIVIDUALLY_REVERIFIED,local_name;municipality;restaurant_type (legacy import; not individually reverified),4.1,37.0,€€,Italian,90.6,61.96297615527475,70,6,1405479.654885469,85752.82157466035,2034639.847633211,603284.4426129028,0.647836950553359,13,234246.6091475782,0.06101320732504538,11.66666666666667,0.461839664659569,0.01067367124774259,-0.03975423532234645,-0.3511869492371775,0.5075209936371166,0.490169684710424,0.4900627498701438,0.3890785953233574,0.6242251579478899,1,0,1,1,20260812
Osteria SanBiagio - Fabriano,REST_00084,Osteria SanBiagio,Fabriano,Marche,Centro,restaurant,https://guide.michelin.com/it/it/selection/italy/ristoranti,2026,LEGACY_IMPORTED_NOT_INDIVIDUALLY_REVERIFIED,local_name;municipality;restaurant_type (legacy import; not individually reverified),4.7,148.0,€€,Italian,115.2,51.53405403606878,100,10,1614395.120254413,174085.7036079924,1946193.381718125,901191.2171020453,0.5885835706814495,9,161439.5120254413,0.107833393091871,10.0,0.7926978286890977,0.8781372100112144,0.3439724433281842,0.7797603951163965,0.6868521209598706,0.6959609086697323,0.5851551530323413,0.6636852179790046,0.6652662999257491,1,0,1,1,20260812
Acqua e Sale - Scafati,REST_00085,Acqua e Sale,Scafati,Campania,Sud_Isole,restaurant,https://guide.michelin.com/it/it/selection/italy/ristoranti,2026,LEGACY_IMPORTED_NOT_INDIVIDUALLY_REVERIFIED,local_name;municipality;restaurant_type (legacy import; not individually reverified),4.5,143.0,€€,Seafood,90.6,39.94337519008439,121,9,1575741.681263533,143386.8781144671,1266448.961403186,354752.9949294035,0.6135292598498082,10,175082.4090292814,0.09099643667449989,13.44444444444444,0.7564429587354273,0.8664774553062355,0.2708698233680256,0.5374513819930493,0.841493041778995,0.6934880904573236,0.5673064328594599,0.607651578819215,0.6987795746496637,1,0,0,0,20260812
Agorà - Rende,REST_00086,Agorà,Rende,Calabria,Sud_Isole,restaurant,https://guide.michelin.com/it/it/selection/italy/ristoranti,2026,LEGACY_IMPORTED_NOT_INDIVIDUALLY_REVERIFIED,local_name;municipality;restaurant_type (legacy import; not individually reverified),4.3,167.0,€€,Seafood,90.6,58.67440762029043,68,6,1537437.149556453,55409.36963605948,1114408.604601967,548298.1620405011,0.7167798681828825,10,256239.5249260754,0.03604008765629539,11.33333333333333,0.4218695348659808,0.1438107703726914,0.1042589843346333,-0.3419824531586431,0.4387495590738522,0.5234355081745927,0.5260411615431583,0.3912686918641296,0.607961035403558,1,0,1,1,20260812
Apollonia - Nalles,REST_00087,Apollonia,Nalles,Trentino-Alto Adige,Nord,restaurant,https://guide.michelin.com/it/it/selection/italy/ristoranti,2026,LEGACY_IMPORTED_NOT_INDIVIDUALLY_REVERIFIED,local_name;municipality;restaurant_type (legacy import; not individually reverified),4.2,63.0,€€€,Traditional Cuisine,260.5,39.55580829757405,71,5,836578.265127358,91115.59073564464,1401818.717712822,679906.2150316273,0.6796399841842247,14,167315.6530254716,0.108914604327873,14.2,0.7699971108616184,-0.1237217908020397,0.3866616410102558,0.04172802624650751,0.03609256135439765,0.4566784485703252,0.5954787996851214,0.4854361274467097,0.5090221609494183,0,1,0,1,20260812
Casa & Putia - Messina,REST_00088,Casa & Putia,Messina,Sicilia,Sud_Isole,restaurant,https://guide.michelin.com/it/it/selection/italy/ristoranti,2026,LEGACY_IMPORTED_NOT_INDIVIDUALLY_REVERIFIED,local_name;municipality;restaurant_type (legacy import; not individually reverified),4.6,218.0,€€,Sicilian,90.6,29.05355165063591,69,6,748661.5263455138,34284.88960921425,633385.8808707095,219567.6861506097,0.5278904768624488,11,124776.9210575856,0.0457949131920417,11.5,0.4545967261250576,-0.4508156841404393,-0.7026222387349021,-0.666356064197579,-0.3721198406365345,0.3773489991533086,0.3312311003742165,0.317267889370383,0.4080288928164054,0,1,0,0,20260812
CUCINA.eat - Cagliari,REST_00089,CUCINA.eat,Cagliari,Sardegna,Sud_Isole,bistrot,https://guide.michelin.com/it/it/selection/italy/ristoranti,2026,LEGACY_IMPORTED_NOT_INDIVIDUALLY_REVERIFIED,local_name;municipality;restaurant_type (legacy import; not individually reverified),4.5,814.0,€€,Sardinian,90.6,24.88657229219728,62,10,709588.1052114797,68296.38653120812,943660.7056868897,241720.6211506662,0.5497959295859928,8,70958.81052114797,0.0962479303551088,6.2,0.4625358346698559,0.08349864577031021,-0.695074872936611,-0.1361756321102245,-0.6189600985474137,0.508373878388452,0.3329050949675464,0.4412290202061522,0.3500179977064392,0,1,1,0,20260812
DaGorini - Bagno di Romagna,REST_00090,DaGorini,Bagno di Romagna,Emilia-Romagna,Nord,restaurant,https://guide.michelin.com/it/it/selection/italy/ristoranti,2026,LEGACY_IMPORTED_NOT_INDIVIDUALLY_REVERIFIED,local_name;municipality;restaurant_type (legacy import; not individually reverified),4.3,776.0,€€€€,Romagnan,260.5,61.32895039346852,72,7,1473827.700738863,106986.652969282,2318139.001403024,502013.6931888942,0.7809738532165571,10,210546.8143912661,0.07259101787518801,10.28571428571429,0.6370893467229428,0.5491551592049988,0.8347871977877953,0.5071352883629591,0.5533161641925005,0.6222607699477433,0.6973662051029077,0.6004007762311321,0.6349046236671404,1,0,0,0,20260812
Hostaria Santa Lucia - Jesi,REST_00091,Hostaria Santa Lucia,Jesi,Marche,Centro,restaurant,https://guide.michelin.com/it/it/selection/italy/ristoranti,2026,LEGACY_IMPORTED_NOT_INDIVIDUALLY_REVERIFIED,local_name;municipality;restaurant_type (legacy import; not individually reverified),4.5,408.0,€€€,Seafood,115.2,52.94289587744383,61,6,1144499.77921332,108119.9530948135,1555724.154399005,408680.5645258682,0.6578959798395128,11,190749.9632022199,0.09446917776526835,10.16666666666667,0.9340394373527732,0.1978893162672025,0.3576300583948648,0.2076940500014453,0.101806313142294,0.5369050902021778,0.588466617207185,0.5268975210511588,0.5254296182517006,0,1,0,0,20260812
I Sapori di Marianna - Maratea,REST_00092,I Sapori di Marianna,Maratea,Basilicata,Sud_Isole,restaurant,https://guide.michelin.com/it/it/selection/italy/ristoranti,2026,LEGACY_IMPORTED_NOT_INDIVIDUALLY_REVERIFIED,local_name;municipality;restaurant_type (legacy import; not individually reverified),4.3,504.0,€€,Basilicata,90.6,53.00660519709638,76,5,1644474.272182892,65990.73550602603,954617.532319206,272077.9296142749,0.6637565855488057,9,328894.8544365783,0.04012877344589239,15.2,0.7962331161272878,0.1897660598524833,0.4271612313570937,0.01338714352252332,0.4399843790053585,0.5348847452889655,0.6051955933513994,0.4783603122167339,0.6082553085698937,1,1,0,0,20260812
Le Rocche - Osteria in Treiso - Treiso,REST_00093,Le Rocche - Osteria in Treiso,Treiso,Piemonte,Nord,restaurant,https://guide.michelin.com/it/it/selection/italy/ristoranti,2026,LEGACY_IMPORTED_NOT_INDIVIDUALLY_REVERIFIED,local_name;municipality;restaurant_type (legacy import; not individually reverified),4.5,128.0,€€€,Piedmontese,260.5,52.10005121152192,67,5,1506710.035933089,34461.54892914216,2447463.927933894,698506.013141531,0.6616812931779615,6,301342.0071866178,0.02287205109628178,13.4,0.6800540832086189,0.01755753072849257,0.6861258674855463,0.2361386868452656,0.1595342153169513,0.4918900939853204,0.665104553275352,0.5339822031342073,0.5397991783229448,0,0,0,0,20260812
La Madia - Brione,REST_00094,La Madia,Brione,Lombardia,Nord,restaurant,https://guide.michelin.com/it/it/selection/italy/ristoranti,2026,LEGACY_IMPORTED_NOT_INDIVIDUALLY_REVERIFIED,local_name;municipality;restaurant_type (legacy import; not individually reverified),4.6,153.0,€€€€,Italian Contemporary,260.5,52.31023147300545,53,5,1232295.705434454,96451.05015255939,1293480.16324809,630204.5849945026,0.5508098771305441,12,246459.1410868908,0.0782694037861269,10.6,0.7296393994088355,-0.308574227457221,0.3997618890925696,0.17318990756623,-0.02924727864858655,0.411304749031732,0.5986304500641774,0.518289313327946,0.4926887015061667,1,1,0,0,20260812
Dina - Gussago,REST_00095,Dina,Gussago,Lombardia,Nord,restaurant,https://guide.michelin.com/it/it/selection/italy/ristoranti,2026,LEGACY_IMPORTED_NOT_INDIVIDUALLY_REVERIFIED,local_name;municipality;restaurant_type (legacy import; not individually reverified),4.3,282.0,€€€€,Italian Contemporary,260.5,50.63842308981017,97,8,1947628.489492898,104576.6685173085,2128228.969080233,772299.3207656593,0.4653903065556193,10,243453.5611866122,0.05369436167189,12.125,0.8643712181583227,0.5831531148884399,0.7096416584889822,1.164757233544381,0.7012788651093333,0.6302182252178676,0.6703219745998575,0.7435986087096282,0.6684712520139441,1,1,1,1,20260812
Sottovoce del Vista Lago di Como - Como,REST_00096,Sottovoce del Vista Lago di Como,Como,Lombardia,Nord,restaurant,https://guide.michelin.com/it/it/selection/italy/ristoranti,2026,LEGACY_IMPORTED_NOT_INDIVIDUALLY_REVERIFIED,local_name;municipality;restaurant_type (legacy import; not individually reverified),4.8,240.0,€€€€,Italian Contemporary,260.5,52.27102265425701,50,4,899465.1530161493,52152.52220195665,530371.3684393226,155509.2356682565,0.6795572729703716,13,224866.2882540373,0.0579817039349164,12.5,0.4742636814238351,-0.6073127179904139,0.1483537025666564,-0.5323384441311247,-0.07597719764502417,0.3413435302761345,0.5370205523086604,0.3469804919498033,0.4810148324215509,0,0,1,1,20260812
CasaLeali - Puegnago del Garda,REST_00097,CasaLeali,Puegnago del Garda,Lombardia,Nord,restaurant,https://guide.michelin.com/it/it/selection/italy/ristoranti,2026,LEGACY_IMPORTED_NOT_INDIVIDUALLY_REVERIFIED,local_name;municipality;restaurant_type (legacy import; not individually reverified),4.4,198.0,€€€,Italian Contemporary,260.5,62.43338512485136,48,4,1140286.485841958,30626.86082833826,1121503.269094817,353631.3560797587,0.5292886454674703,23,285071.6214604895,0.02685891765675376,12.0,0.5144232461384771,-0.7606869832708467,0.09644340781545922,-0.3677903498750488,0.3304529859893834,0.3077441230508772,0.5240921807360092,0.3851393713218532,0.5818695912272163,0,1,0,0,20260812
Da Lucio - Rimini,REST_00098,Da Lucio,Rimini,Emilia-Romagna,Nord,restaurant,https://guide.michelin.com/it/it/selection/italy/ristoranti,2026,LEGACY_IMPORTED_NOT_INDIVIDUALLY_REVERIFIED,local_name;municipality;restaurant_type (legacy import; not individually reverified),4.5,788.0,€€€,Seafood,260.5,64.76686041528865,72,6,1787188.234264498,63506.12615234493,2036914.294212083,472850.2305729326,0.7602690433090513,10,297864.7057107497,0.0355341004012822,12.0,0.7515535468836798,0.5458227416632673,1.048276307594264,0.6435690322249936,0.7056045357463758,0.6214771589895374,0.740443765582777,0.6326422743129682,0.6694291964580688,1,1,0,0,20260812
Due Camini a Borgo Egnazia - Fasano,REST_00099,Due Camini a Borgo Egnazia,Fasano,Puglia,Sud_Isole,restaurant,https://guide.michelin.com/it/it/selection/italy/ristoranti,2026,LEGACY_IMPORTED_NOT_INDIVIDUALLY_REVERIFIED,local_name;municipality;restaurant_type (legacy import; not individually reverified),4.8,248.0,€€€€,Mediterranean,90.6,61.1059771583257,73,6,1815938.016817964,116521.9029459104,1395562.539578371,303449.0904778652,0.5373166067154455,16,302656.3361363273,0.06416623357557635,12.16666666666667,0.9777229340477696,0.3229974623463313,0.4567214198601818,0.5137597425174797,0.7030684980587867,0.5678286290902853,0.6122361182050156,0.6019890510091029,0.6688677462323047,1,0,0,1,20260812
Lunasia dell’Hotel Plaza e de Russie - Viareggio,REST_00100,Lunasia dell’Hotel Plaza e de Russie,Viareggio,Toscana,Centro,restaurant,https://guide.michelin.com/it/it/selection/italy/ristoranti,2026,LEGACY_IMPORTED_NOT_INDIVIDUALLY_REVERIFIED,local_name;municipality;restaurant_type (legacy import; not individually reverified),4.7,457.0,€€€€,Modern Cuisine,115.2,59.43008336112912,54,4,1057631.643991163,30419.43584485767,600034.0381123273,125815.2171883708,0.7560363167619557,5,264407.9109977908,0.02876184351866067,13.5,0.4766812882325352,-0.3960633948704868,0.02322143236979124,-0.8306909722381878,-0.04551921537894743,0.3902971358119919,0.5058050972355296,0.2827845522488151,0.4886221606600381,1,1,0,0,20260812
San Domenico - Imola,REST_00101,San Domenico,Imola,Emilia-Romagna,Nord,restaurant,https://guide.michelin.com/it/it/selection/italy/ristoranti,2026,LEGACY_IMPORTED_NOT_INDIVIDUALLY_REVERIFIED,local_name;municipality;restaurant_type (legacy import; not individually reverified),4.5,498.0,€€€€,Italian,260.5,53.43336353694271,116,11,2283229.253804974,261807.9121959126,2421672.505905741,794451.6560415925,0.6555382005929946,8,207566.2958004522,0.1146656262219893,10.54545454545454,0.6367304199908115,1.318418871664941,0.9288236594200402,1.366015160430821,1.20075501361887,0.7804719646731267,0.7168365705624623,0.7800598460210896,0.7686590689930248,1,0,0,1,20260812
Villa Maiella - Guardiagrele,REST_00102,Villa Maiella,Guardiagrele,Abruzzo,Sud_Isole,restaurant,https://guide.michelin.com/it/it/selection/italy/ristoranti,2026,LEGACY_IMPORTED_NOT_INDIVIDUALLY_REVERIFIED,local_name;municipality;restaurant_type (legacy import; not individually reverified),4.2,2719.0,€€€,Abruzzese,90.6,63.94522397947516,97,8,1934292.676633317,80030.01091781243,1398313.462807796,603286.817222498,0.5859822997792365,8,241786.5845791646,0.04137430280566776,12.125,0.7143756448118116,0.6889226289894479,0.3278643551435451,0.5239712321051333,0.9129443278578149,0.6545098788291598,0.5812396509988824,0.6044331392170434,0.7136022852505338,1,1,1,0,20260812
Eaté by The Sense Experience Resort - Follonica,REST_00103,Eaté by The Sense Experience Resort,Follonica,Toscana,Centro,restaurant,https://guide.michelin.com/it/it/selection/italy/ristoranti,2026,LEGACY_IMPORTED_NOT_INDIVIDUALLY_REVERIFIED,local_name;municipality;restaurant_type (legacy import; not individually reverified),3.9,540.0,€€€€,Seafood,115.2,58.34941675700571,74,7,1610465.088383525,113481.459198721,2423489.168188836,717693.943733332,0.3132553609012088,7,230066.4411976465,0.07046502281687209,10.57142857142857,0.5059021303581217,-0.2859140128270977,-0.415248892636003,0.02423283464903336,0.1745118618651924,0.4168023523694618,0.3976542055001799,0.4810672650006238,0.5435175797045311,1,1,0,1,20260812
Bu:r - Milan,REST_00104,Bu:r,Milan,Lombardia,Nord,restaurant,https://guide.michelin.com/it/it/selection/italy/ristoranti,2026,LEGACY_IMPORTED_NOT_INDIVIDUALLY_REVERIFIED,local_name;municipality;restaurant_type (legacy import; not individually reverified),4.5,4498.0,€€€€,Contemporary,260.5,55.82348413126245,70,7,1445982.42160349,46507.54470907195,1559485.316787646,752519.4696074029,0.5195619854018727,16,206568.9173719271,0.03216328498481914,10.0,0.6610811804758703,0.09283007311418068,0.39230126847473,0.5255158616817541,0.4348492875590363,0.5107058817425959,0.5968365598678197,0.6048023908100837,0.6070310370493565,0,0,1,1,20260812
Bottega Culinaria - San Vito Chietino,REST_00105,Bottega Culinaria,San Vito Chietino,Abruzzo,Sud_Isole,restaurant,https://guide.michelin.com/it/it/selection/italy/ristoranti,2026,LEGACY_IMPORTED_NOT_INDIVIDUALLY_REVERIFIED,local_name;municipality;restaurant_type (legacy import; not individually reverified),4.7,1942.0,€€€,Abruzzese,90.6,67.2330498698412,53,5,1521618.533788668,76880.51815486568,1555753.717606192,695021.8061953973,0.7561257742458948,15,304323.7067577337,0.05052548746461531,10.6,0.8191609487417835,0.2129616540589256,0.554234346326924,-0.01384360081714692,0.5276328984476908,0.5406504920720892,0.6351174325927048,0.4715697986484586,0.6289308541021068,0,1,1,0,20260812
Da Lincosta - L'Aquila,REST_00106,Da Lincosta,L'Aquila,Abruzzo,Sud_Isole,restaurant,https://guide.michelin.com/it/it/selection/italy/ristoranti,2026,LEGACY_IMPORTED_NOT_INDIVIDUALLY_REVERIFIED,local_name;municipality;restaurant_type (legacy import; not individually reverified),4.8,258.0,€€€,Abruzzese,90.6,46.51114854062612,80,6,1560964.114777928,178409.5595013908,2356423.804089663,623911.6176922433,0.9621855566667333,15,260160.6857963213,0.1142944657166398,13.33333333333333,0.6624011478600541,0.7896429746255526,0.775439903453804,-0.01682298248813135,0.7568451011895063,0.6769177796861707,0.6846964775684965,0.4708274248259494,0.6806683795522415,0,1,1,1,20260812
Arso - Orvieto,REST_00107,Arso,Orvieto,Umbria,Centro,restaurant,https://guide.michelin.com/it/it/selection/italy/ristoranti,2026,LEGACY_IMPORTED_NOT_INDIVIDUALLY_REVERIFIED,local_name;municipality;restaurant_type (legacy import; not individually reverified),4.9,188.0,€€€,Italian,115.2,55.02436483480786,48,4,980013.2276284598,23951.078911886,1554118.819499193,390461.9775441059,0.7467497863960554,10,245003.306907115,0.02443954656596357,12.0,0.4927331845634993,-0.4581771101994809,-0.03136115966427885,-0.8458486973526292,-0.07733278993576606,0.3756209505786768,0.4921603526124237,0.2797204483086941,0.4806764317148768,0,1,0,0,20260812
Molino Trattoria Moderna - Calenzano,REST_00108,Molino Trattoria Moderna,Calenzano,Toscana,Centro,restaurant,https://guide.michelin.com/it/it/selection/italy/ristoranti,2026,LEGACY_IMPORTED_NOT_INDIVIDUALLY_REVERIFIED,local_name;municipality;restaurant_type (legacy import; not individually reverified),4.1,317.0,€€,Tuscan,115.2,51.04731176335928,63,5,1384369.788771378,69100.26787713227,1786222.868558154,643613.2656102913,0.5628402885935175,15,276873.9577542756,0.04991460261384238,12.6,0.6682611272888394,-0.2251767484634498,0.06812432816595562,-0.2113355264035643,0.2457196515832488,0.4316366549243014,0.5170244984336334,0.4227887855403107,0.5611226824032128,1,1,0,0,20260812
Contrada San Savino - Civitanova Marche,REST_00109,Contrada San Savino,Civitanova Marche,Marche,Centro,agriturismo,https://guide.michelin.com/it/it/selection/italy/ristoranti,2026,LEGACY_IMPORTED_NOT_INDIVIDUALLY_REVERIFIED,local_name;municipality;restaurant_type (legacy import; not individually reverified),4.6,233.0,€€€,Regional Cuisine,115.2,34.67949949171144,64,11,734801.2119039005,43431.08364015402,875869.0602098693,196958.6883435485,0.3891279758247214,19,66800.11017308186,0.0591058954946771,5.818181818181818,0.549290780835632,-0.01573526165029884,-0.7997864153316668,0.1559685420883005,-0.2200490995378624,0.4835720997451293,0.3100712085576864,0.5139884841614725,0.4452086373770957,0,0,1,0,20260812
Futura - Rome,REST_00110,Futura,Rome,Lazio,Centro,restaurant,https://guide.michelin.com/it/it/selection/italy/ristoranti,2026,LEGACY_IMPORTED_NOT_INDIVIDUALLY_REVERIFIED,local_name;municipality;restaurant_type (legacy import; not individually reverified),4.8,3447.0,€€€,Italian,115.2,69.09626313797963,30,2,942826.1159836043,98942.58694392462,1131717.228475538,344402.6992921808,0.5714188705603696,14,471413.0579918022,0.1049425607400604,15.0,0.6476964531583046,-1.365157514632571,-0.2105060208546274,-1.268759976349837,-0.1364460190560236,0.1954218551733353,0.447566973058873,0.2028202647873324,0.4659413195166249,0,1,0,0,20260812
CiPASSO - Rome,REST_00111,CiPASSO,Rome,Lazio,Centro,restaurant,https://guide.michelin.com/it/it/selection/italy/ristoranti,2026,LEGACY_IMPORTED_NOT_INDIVIDUALLY_REVERIFIED,local_name;municipality;restaurant_type (legacy import; not individually reverified),4.5,597.0,€€€,Italian,115.2,57.63027122957396,45,4,966698.275661367,60422.63238386341,1476198.238121787,438787.1548229354,0.6519799231261262,21,241674.5689153417,0.06250412761161206,11.25,0.3300411444609072,-0.7472264528592594,-0.3645059194765281,-1.064572409434839,0.1793845124598158,0.3106191198892849,0.4098692491877037,0.2378374475661377,0.5447262559398431,0,1,0,1,20260812
Bar San Calisto - Rome,REST_00112,Bar San Calisto,Rome,Lazio,Centro,bar,https://guide.michelin.com/it/it/selection/italy/ristoranti,2026,LEGACY_IMPORTED_NOT_INDIVIDUALLY_REVERIFIED,local_name;municipality;restaurant_type (legacy import; not individually reverified),4.1,1148.0,€,Italian,115.2,13.40416685183204,32,6,384886.1052378042,35492.77701002302,410887.2529165244,104635.6082290307,0.6112796454806766,23,64147.68420630071,0.0922163115971505,5.333333333333333,0.4809142983606006,-0.5951121298697339,-0.9424463113700543,-0.7377808582871003,-0.8272994284812503,0.3440918514624342,0.2804064640446556,0.3020023666331174,0.3042163944321319,0,0,0,0,20260812
Trecaffè - Via dei due Macelli - Rome,REST_00113,Trecaffè - Via dei due Macelli,Rome,Lazio,Centro,cafe,https://guide.michelin.com/it/it/selection/italy/ristoranti,2026,LEGACY_IMPORTED_NOT_INDIVIDUALLY_REVERIFIED,local_name;municipality;restaurant_type (legacy import; not individually reverified),4.8,1173.0,€,Italian,115.2,26.50388782189367,58,7,650752.8042409403,68688.51040791768,974701.6220484894,344097.0450154805,0.534201887077372,16,92964.68632013432,0.1055523848076817,8.285714285714286,0.5852075182869195,-0.2827437473956771,-0.5999569040770819,-0.3188554340808503,-0.4427902498621639,0.4175731772961906,0.354353553504086,0.3967906671207569,0.3910763097705692,1,0,0,1,20260812
Cantina e Cucina - Rome,REST_00114,Cantina e Cucina,Rome,Lazio,Centro,restaurant,https://guide.michelin.com/it/it/selection/italy/ristoranti,2026,LEGACY_IMPORTED_NOT_INDIVIDUALLY_REVERIFIED,local_name;municipality;restaurant_type (legacy import; not individually reverified),4.4,784.0,€€,Roman,115.2,62.70260875351827,59,5,1160687.071994505,40418.96334382732,847493.4877640092,280215.5494072782,0.5792879387700021,20,232137.414398901,0.03482330795187721,11.8,0.4548236763737376,-0.4378239087708363,-0.2379249159074255,-0.5942615192556253,0.4382748367804284,0.3804063329555967,0.4407977857761183,0.333085748519914,0.6078478821991754,1,0,0,1,20260812
The Race Club - Rome,REST_00115,The Race Club,Rome,Lazio,Centro,bar,https://guide.michelin.com/it/it/selection/italy/ristoranti,2026,LEGACY_IMPORTED_NOT_INDIVIDUALLY_REVERIFIED,local_name;municipality;restaurant_type (legacy import; not individually reverified),4.6,1409.0,€€,Cocktail,115.2,9.341945912111537,35,8,255431.4874854678,16283.26270709857,424184.8843803726,176893.3400667299,0.6103827198308215,10,31928.93593568348,0.06374806358994783,4.375,0.7355855983114666,-0.1655760041199067,-0.9862290057439759,-0.1662155240755031,-1.284716802856816,0.4463137515877441,0.2716575627568644,0.4338364132120309,0.2167483891155863,0,0,1,1,20260812
La Casa del Caffè Tazza d'Oro - Rome,REST_00116,La Casa del Caffè Tazza d'Oro,Rome,Lazio,Centro,cafe,https://guide.michelin.com/it/it/selection/italy/ristoranti,2026,LEGACY_IMPORTED_NOT_INDIVIDUALLY_REVERIFIED,local_name;municipality;restaurant_type (legacy import; not individually reverified),4.3,916.0,€,Coffee,115.2,42.56557166002963,41,6,727001.7842542927,62540.33141821052,1103544.177966103,386660.2107744339,0.5855232742147076,13,121166.9640423821,0.0860250040271359,6.833333333333333,0.5142461023061636,-0.4490930898294959,-0.5018176864104843,-0.5350057888749238,-0.4705925736847459,0.3777538197126958,0.3771136009238238,0.34637635849934,0.38447599895789,0,1,1,0,20260812
Tonnarello San Pietro - Rome,REST_00117,Tonnarello San Pietro,Rome,Lazio,Centro,restaurant,https://guide.michelin.com/it/it/selection/italy/ristoranti,2026,LEGACY_IMPORTED_NOT_INDIVIDUALLY_REVERIFIED,local_name;municipality;restaurant_type (legacy import; not individually reverified),4.0,4748.0,€€,Roman,115.2,51.69909249706456,78,7,1164177.721925316,63193.36862774647,832308.0812948543,273221.8726592992,0.5165807883789487,13,166311.1031321881,0.05428154777196502,11.14285714285714,0.3563547073043103,-0.1794598763417756,-0.4407871749537244,-0.3788413798903243,0.2882055123172171,0.4428854102770639,0.3915534172121192,0.3825257537969927,0.5715567559878091,0,0,1,1,20260812
The Basement - Pub. Cocktail Bar. Events - Rome,REST_00118,The Basement - Pub. Cocktail Bar. Events,Rome,Lazio,Centro,pub,https://guide.michelin.com/it/it/selection/italy/ristoranti,2026,LEGACY_IMPORTED_NOT_INDIVIDUALLY_REVERIFIED,local_name;municipality;restaurant_type (legacy import; not individually reverified),4.2,410.0,€,Cocktail,115.2,33.28461819729972,33,4,475216.2595802213,29971.2088575391,261758.3451887713,73004.5331513334,0.595928664154127,19,118804.0648950553,0.06306856773801035,8.25,0.7734587086556193,-0.7928653770676227,-0.5323824494343641,-0.7140850754940566,-0.6219933249326531,0.3009316458727405,0.369961391152786,0.3070206747020288,0.3493282366488488,0,0,0,0,20260812
Danesi Caffè - Rome,REST_00119,Danesi Caffè,Rome,Lazio,Centro,cafe,https://guide.michelin.com/it/it/selection/italy/ristoranti,2026,LEGACY_IMPORTED_NOT_INDIVIDUALLY_REVERIFIED,local_name;municipality;restaurant_type (legacy import; not individually reverified),4.4,692.0,€,Coffee,115.2,28.48532662937622,58,7,782206.5704421708,45727.64101152817,540693.2240089205,248896.6352875666,0.6535307399498899,23,111743.795777453,0.05845980171922993,8.285714285714286,0.8033980964744132,0.1152348963131751,-0.04874686647891813,0.02735283883665898,-0.07190228366153079,0.5163029429326028,0.4878156960378435,0.4818461930664293,0.4820321694657677,1,0,1,1,20260812
Ambrosia Rooftop Restaurant & Bar - Rome,REST_00120,Ambrosia Rooftop Restaurant & Bar,Rome,Lazio,Centro,restaurant,https://guide.michelin.com/it/it/selection/italy/ristoranti,2026,LEGACY_IMPORTED_NOT_INDIVIDUALLY_REVERIFIED,local_name;municipality;restaurant_type (legacy import; not individually reverified),4.3,1846.0,€€€,Italian,115.2,47.34336285599149,96,9,1574093.942804075,66219.15047397901,914214.219234777,415353.3552707843,0.8864042088544901,12,174899.3269782306,0.04206810576757375,10.66666666666667,0.9229995656845769,1.331805257603464,0.9690751553828632,0.8177701036529755,0.8521263409253607,0.7827569145149087,0.7249351182653101,0.6721157898217399,0.701013000694076,0,0,1,0,20260812
La Botticella of Poggi Giovanni - Rome,REST_00121,La Botticella of Poggi Giovanni,Rome,Lazio,Centro,bar,https://guide.michelin.com/it/it/selection/italy/ristoranti,2026,LEGACY_IMPORTED_NOT_INDIVIDUALLY_REVERIFIED,local_name;municipality;restaurant_type (legacy import; not individually reverified),4.5,1030.0,€,Cocktail,115.2,11.19342541641857,32,7,373422.7503990686,26265.65343974589,452106.8155231121,180548.5274772857,0.6197890395396309,18,53346.10719986694,0.07033758230230046,4.571428571428571,0.7516296565909997,-0.2488924843014765,-0.6840058014096561,-0.2305360471766525,-1.008184494542901,0.4258282469019511,0.3353678364486268,0.4181102003418021,0.2673352983764011,0,0,0,1,20260812
Caffè Antica Roma - Rome,REST_00122,Caffè Antica Roma,Rome,Lazio,Centro,cafe,https://guide.michelin.com/it/it/selection/italy/ristoranti,2026,LEGACY_IMPORTED_NOT_INDIVIDUALLY_REVERIFIED,local_name;municipality;restaurant_type (legacy import; not individually reverified),4.5,8386.0,€,Coffee,115.2,25.65062559571084,52,8,634289.5530856384,44178.5138852097,487723.5979626911,171622.5996023105,0.289812347738634,21,79286.1941357048,0.06965038864394626,6.5,0.6910315990480578,-0.5301414746303347,-0.9374699920133783,-0.04808228058997933,-0.5629815069725284,0.3589000410043232,0.2814116755787206,0.4630469318735901,0.3628578775918246,0,1,0,0,20260812
La locanda del tempio - Rome,REST_00123,La locanda del tempio,Rome,Lazio,Centro,restaurant,https://guide.michelin.com/it/it/selection/italy/ristoranti,2026,LEGACY_IMPORTED_NOT_INDIVIDUALLY_REVERIFIED,local_name;municipality;restaurant_type (legacy import; not individually reverified),3.9,1988.0,€€,Roman,115.2,71.64051821392457,64,7,1650577.913531505,81229.76097405177,1688028.32490431,578960.6701276626,0.7050634951179602,12,235796.844790215,0.04921292130963759,9.142857142857142,0.3956071422387911,0.2890331887220238,0.1722904872311418,-0.1011767458840933,0.6660303181650515,0.559475380088765,0.5429663897840624,0.4498747556922388,0.6606137119580674,0,1,1,0,20260812
Sapphire Bar Roma - Rome,REST_00124,Sapphire Bar Roma,Rome,Lazio,Centro,bar,https://guide.michelin.com/it/it/selection/italy/ristoranti,2026,LEGACY_IMPORTED_NOT_INDIVIDUALLY_REVERIFIED,local_name;municipality;restaurant_type (legacy import; not individually reverified),4.5,2195.0,€,Cocktail,115.2,8.637791086522972,29,6,205734.576761061,7760.594327613748,243548.4950098276,98293.30334861467,0.6084597697449137,13,34289.09612684351,0.03772139058874317,4.833333333333333,0.8193449768409404,-0.4594640168565086,-1.061456273325643,-0.3790688476714726,-1.307421155391931,0.3753191808949611,0.2570312573434854,0.3824720273881302,0.2129186981010242,0,1,1,0,20260812
Faro - Caffè Specialty - Rome,REST_00125,Faro - Caffè Specialty,Rome,Lazio,Centro,cafe,https://guide.michelin.com/it/it/selection/italy/ristoranti,2026,LEGACY_IMPORTED_NOT_INDIVIDUALLY_REVERIFIED,local_name;municipality;restaurant_type (legacy import; not individually reverified),4.9,2141.0,€€,Coffee,115.2,34.0888447102706,76,9,1118418.909348145,42459.61706199025,809574.2333812119,249241.5121912946,0.8875992945146045,17,124268.7677053494,0.03796396565463764,8.444444444444445,0.4071335077055139,0.7351791418050719,0.222541503229884,-0.06819962510807259,0.3648799168399108,0.6648936461858482,0.5554068967398554,0.4580489506125296,0.590221208915746,1,1,0,1,20260812
Achille Al Pantheon di Habana - Rome,REST_00126,Achille Al Pantheon di Habana,Rome,Lazio,Centro,restaurant,https://guide.michelin.com/it/it/selection/italy/ristoranti,2026,LEGACY_IMPORTED_NOT_INDIVIDUALLY_REVERIFIED,local_name;municipality;restaurant_type (legacy import; not individually reverified),4.0,2396.0,€€,Italian,115.2,61.41498733394809,100,10,2278874.919202679,233539.9740681572,3753483.435923967,1788328.51305853,0.9491421226668604,17,227887.4919202679,0.1024803827977829,10.0,0.6291341483008104,1.642733243866769,1.053028734663022,0.8753689327329349,1.568041467902747,0.8310003039005648,0.7413560751070212,0.6846811556966598,0.827504224763367,1,0,0,1,20260812
L'immagine Bistrot Ristorante - Milan,REST_00127,L'immagine Bistrot Ristorante,Milan,Lombardia,Nord,bistrot,https://guide.michelin.com/it/it/selection/italy/ristoranti,2026,LEGACY_IMPORTED_NOT_INDIVIDUALLY_REVERIFIED,local_name;municipality;restaurant_type (legacy import; not individually reverified),4.3,7386.0,€€€,Italian,260.5,26.81603981919081,42,7,584618.5076792077,36566.18145140851,427439.6605826032,142112.1736892584,0.8155770030598141,14,83516.92966845825,0.0625470815088754,6.0,0.4599615427284192,0.02412843920558691,0.06317184221034888,-0.1381197770620102,-0.5492496585870515,0.493532470544124,0.5157877105911823,0.440749754011012,0.3660385114468377,1,1,1,0,20260812
Monkey Cocktail Bar - Milan,REST_00128,Monkey Cocktail Bar,Milan,Lombardia,Nord,bar,https://guide.michelin.com/it/it/selection/italy/ristoranti,2026,LEGACY_IMPORTED_NOT_INDIVIDUALLY_REVERIFIED,local_name;municipality;restaurant_type (legacy import; not individually reverified),4.6,553.0,€€,Cocktail,260.5,12.13286174778663,32,8,424653.4903895005,33344.33888177306,676918.4144381887,167456.9050826122,0.6076241016905625,16,53081.68629868756,0.07852128767666311,4.0,0.6895167485902929,-0.1512431014764232,-0.2993045496619132,0.2274936755213379,-1.044040078900936,0.4498583335698716,0.4257275005989858,0.5318303147046409,0.2603712105305329,1,1,1,0,20260812
Orsonero Coffee - Milan,REST_00129,Orsonero Coffee,Milan,Lombardia,Nord,cafe,https://guide.michelin.com/it/it/selection/italy/ristoranti,2026,LEGACY_IMPORTED_NOT_INDIVIDUALLY_REVERIFIED,local_name;municipality;restaurant_type (legacy import; not individually reverified),4.1,1931.0,€,Coffee,260.5,28.81908866536028,45,7,519251.8441215865,15244.97775309674,511017.7310500286,137348.4217718403,0.4472629744311996,15,74178.83487451235,0.02935950623129038,6.428571428571429,0.481099635722505,-0.610023780927635,-0.6379221144559691,-0.140930925001898,-0.7279478178425502,0.3407342695133269,0.3457163991792416,0.4400569516687606,0.3256452261166197,1,0,0,0,20260812
Gloria Osteria Milano - Milan,REST_00130,Gloria Osteria Milano,Milan,Lombardia,Nord,restaurant,https://guide.michelin.com/it/it/selection/italy/ristoranti,2026,LEGACY_IMPORTED_NOT_INDIVIDUALLY_REVERIFIED,local_name;municipality;restaurant_type (legacy import; not individually reverified),4.6,3048.0,€€€,Italian,260.5,72.83299407165745,63,6,1769434.945335244,176178.810663574,1477842.386061096,503856.1230297695,0.5338070391934533,19,294905.8242225407,0.09956783725111433,10.5,0.4809277086240735,-0.07091801765913186,0.3840991148353057,0.2817844209296481,0.805790790033653,0.4698072743639707,0.5948613779207245,0.5453213680249519,0.6912118226064062,0,0,0,1,20260812
Zizania via Celestino - Milan,REST_00131,Zizania via Celestino,Milan,Lombardia,Nord,bar,https://guide.michelin.com/it/it/selection/italy/ristoranti,2026,LEGACY_IMPORTED_NOT_INDIVIDUALLY_REVERIFIED,local_name;municipality;restaurant_type (legacy import; not individually reverified),4.6,829.0,€€,Cocktail,260.5,8.0,36,8,326504.4409326981,22062.47996936426,305079.1622111021,78341.04413409183,0.5877309312223749,18,40813.05511658727,0.06757176075872108,4.5,0.7897755147278467,-0.1383162882352041,-0.4225292812701721,0.3127806095502016,-1.038987892627996,0.4530595668300045,0.3959116740361313,0.5529953534575102,0.2613453279196697,0,1,1,0,20260812
Crazy Cat Café - Milan,REST_00132,Crazy Cat Café,Milan,Lombardia,Nord,cafe,https://guide.michelin.com/it/it/selection/italy/ristoranti,2026,LEGACY_IMPORTED_NOT_INDIVIDUALLY_REVERIFIED,local_name;municipality;restaurant_type (legacy import; not individually reverified),3.9,760.0,€€,Coffee,260.5,32.03352988097317,22,4,284188.2057784094,6842.015917273787,178535.7173029542,64736.16718129592,0.5824459489867654,18,71047.05144460236,0.02407565049553367,5.5,0.4761347023470424,-1.132173385679284,-0.8377315349067631,-0.8162670809150173,-0.9026462488066829,0.2346616407558781,0.3020127639521611,0.2857191124651025,0.2885069961449834,0,1,0,0,20260812
Trattoria Trippa - Milan,REST_00133,Trattoria Trippa,Milan,Lombardia,Nord,restaurant,https://guide.michelin.com/it/it/selection/italy/ristoranti,2026,LEGACY_IMPORTED_NOT_INDIVIDUALLY_REVERIFIED,local_name;municipality;restaurant_type (legacy import; not individually reverified),4.7,655.0,€€€,Italian,260.5,49.67717653926152,104,9,1660315.157751604,101963.3356250824,1537334.04839469,560191.7004187095,0.7588334370689492,8,184479.4619724004,0.06141203683471815,11.55555555555556,0.7612425883318377,1.074306928509692,1.002886750279864,1.021722950092563,0.8200061426477432,0.7358106874803391,0.7316257694683691,0.7153930385484324,0.6942376440200964,1,1,0,0,20260812
The Doping Bar - Milan,REST_00134,The Doping Bar,Milan,Lombardia,Nord,bar,https://guide.michelin.com/it/it/selection/italy/ristoranti,2026,LEGACY_IMPORTED_NOT_INDIVIDUALLY_REVERIFIED,local_name;municipality;restaurant_type (legacy import; not individually reverified),3.8,35903.0,€€,Cocktail,260.5,8.0,37,8,290730.1900054189,25205.3404480138,184143.2063437146,49690.98661932993,0.795763185319084,11,36341.27375067736,0.08669667380447829,4.625,0.5383696762623543,0.04879642739371347,-0.3913803790853701,-0.03228432614614923,-1.105030821742836,0.4996991068847509,0.4033850467519293,0.4669770605193388,0.2487984572090753,0,1,1,0,20260812
Debbie's - Milan,REST_00135,Debbie's,Milan,Lombardia,Nord,cafe,https://guide.michelin.com/it/it/selection/italy/ristoranti,2026,LEGACY_IMPORTED_NOT_INDIVIDUALLY_REVERIFIED,local_name;municipality;restaurant_type (legacy import; not individually reverified),4.5,1807.0,€,Coffee,260.5,34.80843524939073,75,11,1222358.658537357,50808.50140047946,1247180.225653459,394185.6893789153,0.787098556934143,16,111123.514412487,0.04156595205966439,6.818181818181818,0.803696766373733,1.071376794660858,0.8754959870403844,1.090356545847012,0.3005706395158499,0.7352406956023928,0.7058880102837938,0.7291583410774244,0.5745820084549196,1,1,1,0,20260812
Ribot Restaurant - Milan,REST_00136,Ribot Restaurant,Milan,Lombardia,Nord,restaurant,https://guide.michelin.com/it/it/selection/italy/ristoranti,2026,LEGACY_IMPORTED_NOT_INDIVIDUALLY_REVERIFIED,local_name;municipality;restaurant_type (legacy import; not individually reverified),4.3,464.0,€€€,Italian,260.5,75.46517048192777,67,6,1937698.814832072,62331.09280743475,3155084.831266982,711243.7466805897,0.3146681993421304,15,322949.8024720119,0.03216758576220557,11.16666666666667,0.7481388925340378,-0.1945760162670193,0.331276842766446,0.7091616523631605,0.689913719605816,0.4391589734821685,0.5820700198843464,0.6477495399407566,0.6659477329736875,0,1,1,0,20260812
Backdoor 43 - Milan,REST_00137,Backdoor 43,Milan,Lombardia,Nord,bar,https://guide.michelin.com/it/it/selection/italy/ristoranti,2026,LEGACY_IMPORTED_NOT_INDIVIDUALLY_REVERIFIED,local_name;municipality;restaurant_type (legacy import; not individually reverified),3.8,634.0,€€,Cocktail,260.5,10.56597068756108,34,7,312297.5037696464,9865.23705779496,403668.9307483603,155967.3817045019,0.7030266179333611,20,44613.92910994949,0.03158922802364649,4.857142857142857,0.3721618378965108,-0.3662384794737794,-0.663795969642184,-0.3795618394797364,-0.8946546249713714,0.3974171984014691,0.3398874158398157,0.3823555957937588,0.2901502110094442,1,1,0,1,20260812
Caffè Napoli Giardino - Milan,REST_00138,Caffè Napoli Giardino,Milan,Lombardia,Nord,cafe,https://guide.michelin.com/it/it/selection/italy/ristoranti,2026,LEGACY_IMPORTED_NOT_INDIVIDUALLY_REVERIFIED,local_name;municipality;restaurant_type (legacy import; not individually reverified),4.1,3639.0,€,Coffee,260.5,27.49178462928432,64,8,756867.475055833,38340.82932896134,816531.4254496992,326477.0084145088,0.598878049896859,12,94608.43438197912,0.0506572558506798,8.0,0.9442525898364642,0.2710352629860887,0.3463615271549935,0.7148827074368131,-0.3815931956530217,0.5550349297497036,0.585734981548644,0.6490538074641712,0.4057426951885545,0,1,0,0,20260812
Via Pasteria - Corso Italia - Milan,REST_00139,Via Pasteria - Corso Italia,Milan,Lombardia,Nord,restaurant,https://guide.michelin.com/it/it/selection/italy/ristoranti,2026,LEGACY_IMPORTED_NOT_INDIVIDUALLY_REVERIFIED,local_name;municipality;restaurant_type (legacy import; not individually reverified),4.3,9949.0,€€,Italian,260.5,57.17370546566713,23,2,555147.9748615423,28657.93001068259,677194.5839734676,274178.9451026983,0.3727829777624406,24,277573.9874307712,0.05162214636166164,11.5,0.7725268727730441,-1.803978957605533,-0.4337360878827207,-0.9110051800644502,-0.3874071430599385,0.1354063983161098,0.3932345420672702,0.2667831814859953,0.4043416337389308,1,1,0,1,20260812
Raboucer - Milan,REST_00140,Raboucer,Milan,Lombardia,Nord,bar,https://guide.michelin.com/it/it/selection/italy/ristoranti,2026,LEGACY_IMPORTED_NOT_INDIVIDUALLY_REVERIFIED,local_name;municipality;restaurant_type (legacy import; not individually reverified),4.2,762.0,€€,Cocktail,260.5,12.40701427432344,37,9,480029.534447717,21479.69946659669,518123.9476289315,232901.6759188181,0.6807126032357083,18,53336.61493863522,0.04474662062472778,4.111111111111111,0.4608681961035416,-0.005043592401103178,-0.3096061357905504,0.07999168765463047,-0.8396219726455987,0.4862425752414317,0.4232108795638528,0.4949980887815391,0.3016144069003348,1,1,1,0,20260812
Antica Bruschetteria Pautasso - Torino,REST_00141,Antica Bruschetteria Pautasso,Torino,Piemonte,Nord,trattoria,https://www.gamberorosso.it/ristoranti/dove-mangiare-bollito-misto-piemontese-torino/,2024,OBSERVED_PUBLIC_SOURCE,local_name;municipality;restaurant_type,,,,,260.5,43.19145040886435,64,9,1023039.605839584,39470.3725795318,1129370.705545003,289607.828530048,0.7937728862203648,20,113671.0673155093,0.03858147070184974,7.111111111111111,0.4887062260544737,0.5353114642606909,0.4517769871777372,0.3690938995831602,0.3211301725287814,0.619001312844751,0.611061645413228,0.5668704451253604,0.5795996591349735,0,1,1,0,20260812;
Antica Locanda dell’Orco - Rivarolo Canavese,REST_00142,Antica Locanda dell’Orco,Rivarolo Canavese,Piemonte,Nord,restaurant,https://www.gamberorosso.it/ristoranti/dove-mangiare-bollito-misto-piemontese-torino/,2024,OBSERVED_PUBLIC_SOURCE,local_name;municipality;restaurant_type,,,,,260.5,51.18103511178741,111,10,1989575.888344021,120180.9834539832,1715453.846035529,343791.9072767529,0.7863794088914926,14,198957.5888344021,0.06040532766710051,11.1,0.7731025685193649,1.398002957680769,1.190913515621173,1.303913210519215,1.260680015543566,0.7938029444380531,0.7669044059576428,0.7692201902787804,0.7791431464570776,1,1,1,1,20260812;
Casa Vicina - Torino,REST_00143,Casa Vicina,Torino,Piemonte,Nord,restaurant,https://www.gamberorosso.it/ristoranti/dove-mangiare-bollito-misto-piemontese-torino/,2024,OBSERVED_PUBLIC_SOURCE,local_name;municipality;restaurant_type,,,,,260.5,33.01628800323576,89,9,1151695.061726716,57468.85129966925,996580.2150084736,286294.9993197674,0.6439333520886904,13,127966.1179696351,0.04989936417154314,9.88888888888889,0.6119313366010526,0.519481829275547,0.3974720121114054,0.5899452784078519,0.252254973145167,0.6152611049996191,0.5980801326139625,0.6200935412496729,0.5627314485901407,1,1,0,0,20260812;
La Locanda del Bollito - Torino,REST_00144,La Locanda del Bollito,Torino,Piemonte,Nord,trattoria,https://www.gamberorosso.it/ristoranti/dove-mangiare-bollito-misto-piemontese-torino/,2024,OBSERVED_PUBLIC_SOURCE,local_name;municipality;restaurant_type,,,,,260.5,48.82309089127044,62,8,1250577.321380838,50249.55008296588,1102732.706654846,317010.1459029344,0.5707432118824655,23,156322.1651726048,0.04018108214810925,7.75,0.6628976436252165,0.2131988648926063,0.3793498607593863,0.5771365056360109,0.3958774783534181,0.5407094022301693,0.5937162876896422,0.6170714746735438,0.5976967782582897,1,0,0,0,20260812;
Locanda del Sole - Chivasso,REST_00145,Locanda del Sole,Chivasso,Piemonte,Nord,restaurant,https://www.gamberorosso.it/ristoranti/dove-mangiare-bollito-misto-piemontese-torino/,2024,OBSERVED_PUBLIC_SOURCE,local_name;municipality;restaurant_type,,,,,260.5,37.63769108013987,80,6,1130415.520915879,94826.25359261385,802047.6324555408,310817.1738482147,0.7268371131762777,14,188402.5868193132,0.08388619214621561,13.33333333333333,0.8344876777592222,0.3344159217545531,0.7457268129114384,0.4462203732306481,0.2746239804698425,0.5706285118485871,0.6782468810596313,0.5857007302032051,0.5682277313432038,1,1,1,0,20260812;
Madama Piola - Torino,REST_00146,Madama Piola,Torino,Piemonte,Nord,trattoria,https://www.gamberorosso.it/ristoranti/dove-mangiare-bollito-misto-piemontese-torino/,2024,OBSERVED_PUBLIC_SOURCE,local_name;municipality;restaurant_type,,,,,260.5,25.65593036733998,55,7,617798.3085021348,28244.48421596042,695557.9682880627,291506.1622765405,0.866876912729953,28,88256.90121459067,0.04571796948495988,7.857142857142857,0.6997568460793813,0.341744081552433,0.4261715159241944,0.190570632718882,0.08242629803715087,0.5724230592559069,0.6049590921921487,0.5226271926477266,0.5205949155123927,1,1,0,1,20260812;
Ponte Barra - Torino,REST_00147,Ponte Barra,Torino,Piemonte,Nord,restaurant,https://www.gamberorosso.it/ristoranti/dove-mangiare-bollito-misto-piemontese-torino/,2024,OBSERVED_PUBLIC_SOURCE,local_name;municipality;restaurant_type,,,,,260.5,58.4629558273658,99,8,1845970.880530279,168114.8637424833,1148523.24008612,318964.2143249523,0.5009979304652982,17,230746.3600662849,0.09107124360173556,12.375,0.4909939488241883,0.3722610083699376,0.3673111839535777,0.6296950835947751,1.039916809491957,0.5798751781698328,0.5908091062583729,0.629411992249452,0.7388339541006578,0,1,1,1,20260812;
Porto di Savona - Torino,REST_00148,Porto di Savona,Torino,Piemonte,Nord,trattoria,https://www.gamberorosso.it/ristoranti/dove-mangiare-bollito-misto-piemontese-torino/,2024,OBSERVED_PUBLIC_SOURCE,local_name;municipality;restaurant_type,,,,,260.5,35.08233274905086,77,8,1242856.065341438,112021.0198512154,695632.6893457685,180172.9686048429,0.4827742900223423,16,155357.0081676797,0.09013193319408308,9.625,0.8630977542569513,0.2579024100138283,0.4188399890721798,0.8350663977853525,0.1291320829938674,0.5517891946067504,0.603205636143985,0.6759160725654505,0.5322382352244962,0,1,1,1,20260812;
San Giors - Torino,REST_00149,San Giors,Torino,Piemonte,Nord,restaurant,https://www.gamberorosso.it/ristoranti/dove-mangiare-bollito-misto-piemontese-torino/,2024,OBSERVED_PUBLIC_SOURCE,local_name;municipality;restaurant_type,,,,,260.5,62.30984714058509,66,7,1474742.202762263,39519.42372440793,1145397.936744357,257265.5309496087,0.5712588641246088,20,210677.4575374662,0.02679751325376472,9.428571428571429,0.6452571858394638,0.1642571117229837,0.4802823997670005,0.5182306715389801,0.640636593767351,0.5285332436340617,0.6178145571441536,0.6030597876803196,0.6548973493172217,1,1,1,0,20260812;
Tre Galline - Torino,REST_00150,Tre Galline,Torino,Piemonte,Nord,restaurant,https://www.gamberorosso.it/ristoranti/dove-mangiare-bollito-misto-piemontese-torino/,2024,OBSERVED_PUBLIC_SOURCE,local_name;municipality;restaurant_type,,,,,260.5,60.51248957367012,43,3,1041922.949597443,47807.66806121309,1551234.250411645,719198.4040074915,0.4569801064833754,22,347307.6498658144,0.04588407240639439,14.33333333333333,0.6305823385108265,-1.135212713065239,0.02091346741274731,-0.5274391622002522,0.1167249468307145,0.2341162313321846,0.5052281762992612,0.3480914265234862,0.5291481496220418,0,1,1,1,20260812;
La Collina degli Olivi - Forano,REST_00151,La Collina degli Olivi,Forano,Lazio,Centro,agriturismo,https://www.gamberorosso.it/ristoranti/dove-mangiare-in-sabina-roma/,2023,OBSERVED_PUBLIC_SOURCE,local_name;municipality;restaurant_type,,,,,115.2,57.08307427328336,76,11,1316642.166284682,31424.27356794567,1339737.589032577,419048.8519611834,0.6181020003557607,9,119694.7423895165,0.02386698100108635,6.909090909090909,0.6681426352955776,0.7300713295757881,0.1279554456537024,0.5820364716446619,0.3455290960519023,0.6637546172406797,0.5319452876946301,0.6182286424434753,0.5855329781419153,0,1,1,1,20260812;
Agricola Moderna by FDR - Magliano Sabina,REST_00152,Agricola Moderna by FDR,Magliano Sabina,Lazio,Centro,restaurant,https://www.gamberorosso.it/ristoranti/dove-mangiare-in-sabina-roma/,2023,OBSERVED_PUBLIC_SOURCE,local_name;municipality;restaurant_type,,,,,115.2,46.41221492347256,87,7,1456480.473887768,102293.0617021242,2286328.567652749,1118294.827797152,0.4995282953478767,11,208068.639126824,0.07023304708581116,12.42857142857143,0.672305075825354,0.1476688191493831,-0.001353872303032043,0.1699367042280777,0.3725930663312284,0.5243978132387194,0.4996615319759421,0.5174770530744258,0.5920854057636321,1,1,1,1,20260812;
Ristorante degli Angeli - Magliano Sabina,REST_00153,Ristorante degli Angeli,Magliano Sabina,Lazio,Centro,restaurant,https://www.gamberorosso.it/ristoranti/dove-mangiare-in-sabina-roma/,2023,OBSERVED_PUBLIC_SOURCE,local_name;municipality;restaurant_type,,,,,115.2,46.42908264601407,67,5,1168063.833281328,97688.56953520958,1152687.277581056,484473.4456425487,0.578277437807929,10,233612.7666562655,0.08363290322993959,13.4,0.6359795538640489,-0.2816697944039667,-0.05768118198490282,-0.3541821439037481,0.01363405403200179,0.4178343920112801,0.4855837013436169,0.3883668851924469,0.5034084607089974,1,0,0,0,20260812;
Fattoria del Giglio - Magliano Sabina,REST_00154,Fattoria del Giglio,Magliano Sabina,Lazio,Centro,agriturismo,https://www.gamberorosso.it/ristoranti/dove-mangiare-in-sabina-roma/,2023,OBSERVED_PUBLIC_SOURCE,local_name;municipality;restaurant_type,,,,,115.2,40.33072749581312,60,7,647941.4443781254,45504.39497157754,458130.2072949942,99415.57756867247,0.5097819335402034,14,92563.06348258934,0.07022917790858599,8.571428571428571,0.7126459494548991,-0.2336081212898954,-0.5204449987125437,-0.1536896923245991,-0.2924139733835743,0.4295694199284804,0.372748183993508,0.4369155494030613,0.4274129893959561,1,0,0,1,20260812;
Il Giardino Segreto - Tarano,REST_00155,Il Giardino Segreto,Tarano,Lazio,Centro,agriturismo,https://www.gamberorosso.it/ristoranti/dove-mangiare-in-sabina-roma/,2023,OBSERVED_PUBLIC_SOURCE,local_name;municipality;restaurant_type,,,,,115.2,38.47946977346404,95,13,1259909.931007394,139425.5711587696,1991670.185896825,571939.0290960988,0.6760135479711012,5,96916.14853903031,0.1106631257738307,7.307692307692307,0.5481748588154751,1.001779316189345,0.07930413009740216,0.582400735783807,0.2363666633731756,0.7214728720586417,0.5198156483222168,0.6183146130863907,0.5588180772533311,1,1,1,1,20260812;
Capocroce - Cantalupo in Sabina,REST_00156,Capocroce,Cantalupo in Sabina,Lazio,Centro,trattoria,https://www.gamberorosso.it/ristoranti/dove-mangiare-in-sabina-roma/,2023,OBSERVED_PUBLIC_SOURCE,local_name;municipality;restaurant_type,,,,,115.2,42.97022195755779,47,5,667137.6765446813,51162.94640017988,1115026.853736412,427327.6093860549,0.7309180758310359,13,133427.5353089363,0.07669023681164147,9.4,0.6756839903824784,-0.2701681322834006,-0.1531678494473363,-0.5354654547752324,-0.3034773955931341,0.4206347732719577,0.4617827244561089,0.3462722975922707,0.424707625788209,1,0,0,0,20260812;
Calù Pasticceria - Cantalupo in Sabina,REST_00157,Calù Pasticceria,Cantalupo in Sabina,Lazio,Centro,pasticceria,https://www.gamberorosso.it/ristoranti/dove-mangiare-in-sabina-roma/,2023,OBSERVED_PUBLIC_SOURCE,local_name;municipality;restaurant_type,,,,,115.2,16.73271020554357,26,6,387490.3258444912,9709.878808211655,345284.2102002234,162105.5181565244,0.5167716147688874,7,64581.72097408187,0.02505837735961556,4.333333333333333,0.6893266810935595,-0.6492043575015454,-0.897021978623177,-0.4643173220864122,-1.40753208250844,0.3319886556160698,0.2896628659279855,0.362549104384997,0.1966236035745672,0,0,1,0,20260812;
Osteria Vigna - Casperia,REST_00158,Osteria Vigna,Casperia,Lazio,Centro,trattoria,https://www.gamberorosso.it/ristoranti/dove-mangiare-in-sabina-roma/,2023,OBSERVED_PUBLIC_SOURCE,local_name;municipality;restaurant_type,,,,,115.2,35.38893159864431,79,8,1185383.740244602,136397.7000742756,1786649.228470971,884156.0723326354,0.7444021060791257,13,148172.9675305753,0.1150662822877342,9.875,0.6592105919259662,0.5653336001034588,0.2630605483450998,0.1668493096249388,0.2306927805146058,0.6260559601354263,0.5653884929872647,0.5167061064734674,0.5574187724804759,0,1,1,0,20260812;
7 Sensi Cucina Decontaminata - Genova,REST_00159,7 Sensi Cucina Decontaminata,Genova,Liguria,Nord,restaurant,https://www.gamberorosso.it/rubriche/miniguide/dove-mangiare-genova/,2024,OBSERVED_PUBLIC_SOURCE,local_name;municipality;restaurant_type,,,,,260.5,36.81846650727787,89,8,1327948.951585492,118331.7868408627,1019161.86768483,415966.0620677657,0.8896249264427281,22,165993.6189481865,0.08910868651959968,11.125,0.518862333747191,0.824123539419261,0.8328303653134579,0.4249931975090292,0.813907932507701,0.6844122223388875,0.696953062870544,0.5805406483251959,0.6929416352485454,0,1,1,0,20260812;
Quelli dell’Acciughetta - Genova,REST_00160,Quelli dell’Acciughetta,Genova,Liguria,Nord,restaurant,https://www.gamberorosso.it/rubriche/miniguide/dove-mangiare-genova/,2024,OBSERVED_PUBLIC_SOURCE,local_name;municipality;restaurant_type,,,,,260.5,61.73495256128012,93,10,1880797.402200051,156169.2693443104,2059210.061719042,502890.7719497291,0.6575764871762844,18,188079.7402200051,0.08303354160401984,9.3,0.792158581142373,1.064155044905178,0.9466585226854419,1.278176740969772,1.156014540713507,0.7338325105122364,0.7204426836946747,0.7646198185894867,0.7606077820373802,1,1,1,1,20260812;
Bruxaboschi - Genova,REST_00161,Bruxaboschi,Genova,Liguria,Nord,trattoria,https://www.gamberorosso.it/rubriche/miniguide/dove-mangiare-genova/,2024,OBSERVED_PUBLIC_SOURCE,local_name;municipality;restaurant_type,,,,,260.5,43.76145132510748,75,10,1133359.633623366,58746.83905004022,1432431.582050662,619402.3533650509,0.6979639311261367,10,113335.9633623366,0.05183424334800579,7.5,0.4889212175395815,0.5748083208088666,0.3590445625819693,0.5341690354029349,0.1553148159270883,0.6282714234030532,0.5888091299420034,0.6068687549269137,0.5387508374057963,0,1,1,0,20260812;
Antica Osteria della Collina by Illume - Genova,REST_00162,Antica Osteria della Collina by Illume,Genova,Liguria,Nord,trattoria,https://www.gamberorosso.it/rubriche/miniguide/dove-mangiare-genova/,2024,OBSERVED_PUBLIC_SOURCE,local_name;municipality;restaurant_type,,,,,260.5,40.38609853681336,42,6,713707.2502821169,49775.10997176868,953896.5319113875,261226.1589216554,0.5664970463970265,16,118951.2083803528,0.06974163419538387,7.0,0.6559443321927936,-0.389816373227921,-0.03392504597765196,0.0190356708176342,-0.4163270310339723,0.3917847247071823,0.4915195518418145,0.4797699675277359,0.3973959925526054,0,0,1,1,20260812;
The Cook Restaurant - Genova,REST_00163,The Cook Restaurant,Genova,Liguria,Nord,restaurant,https://www.gamberorosso.it/rubriche/miniguide/dove-mangiare-genova/,2024,OBSERVED_PUBLIC_SOURCE,local_name;municipality;restaurant_type,,,,,260.5,69.4936725403733,70,5,1794686.582766352,163967.4854780785,2976849.731248254,1022228.358109918,0.6318298595493419,13,358937.3165532705,0.09136274102263413,14.0,0.6812138320668433,0.08769236054955308,0.7600548997360846,0.3716886740849841,0.7507580999570631,0.5094219746694896,0.6813656529972487,0.5675074249285976,0.6793438629178208,1,1,0,1,20260812;
Cucina Valoria - Genova,REST_00164,Cucina Valoria,Genova,Liguria,Nord,restaurant,https://www.gamberorosso.it/rubriche/miniguide/dove-mangiare-genova/,2024,OBSERVED_PUBLIC_SOURCE,local_name;municipality;restaurant_type,,,,,260.5,50.41574481882873,69,6,1048212.364577891,71334.40638464317,1540740.097409601,416752.5425404702,0.7170728130252985,18,174702.0607629819,0.06805339146459038,11.5,0.8433691131617448,0.2420640074995157,0.6838061415830486,0.4195618860301378,0.3912576469619035,0.5478689408160247,0.6645876586618551,0.5792174767079518,0.5965854155037603,1,1,0,1,20260812;
La Cremeria delle Erbe - Genova,REST_00165,La Cremeria delle Erbe,Genova,Liguria,Nord,gelateria,https://www.gamberorosso.it/rubriche/miniguide/dove-mangiare-genova/,2024,OBSERVED_PUBLIC_SOURCE,local_name;municipality;restaurant_type,,,,,260.5,11.56833423533134,33,8,350629.3549914684,26922.20233279207,417750.4156798818,101273.5546443971,0.755546562793128,11,43828.66937393355,0.07678251107482759,4.125,0.9036213712184964,0.2216475319428756,0.03016898959058978,0.4727273620233466,-1.113981393094089,0.5428068335262821,0.5075416753903994,0.5921178404953744,0.2471293791434633,0,1,0,0,20260812;
D. Villa - Profumo Pasticceria - Genova,REST_00166,D. Villa - Profumo Pasticceria,Genova,Liguria,Nord,pasticceria,https://www.gamberorosso.it/rubriche/miniguide/dove-mangiare-genova/,2024,OBSERVED_PUBLIC_SOURCE,local_name;municipality;restaurant_type,,,,,260.5,15.483971411566,47,8,551150.4208654928,36493.26018652411,933860.6619640111,352577.7904538083,0.5509756117602037,18,68893.8026081866,0.06621288636451975,5.875,0.6141064177815716,-0.182374465390078,-0.2856948613882596,0.1878606895360922,-0.7201300016230242,0.4421663908279887,0.429058161433814,0.5219510532694213,0.327364356330941,1,0,0,0,20260812;
Osteria A Priori - Perugia,REST_00167,Osteria A Priori,Perugia,Umbria,Centro,trattoria,https://www.gamberorosso.it/ristoranti/dove-mangiare-a-perugia-i-migliori-ristoranti-street-food-e-pizzerie/,2023,OBSERVED_PUBLIC_SOURCE,local_name;municipality;restaurant_type,,,,,115.2,32.45841961726224,42,6,473832.7262356271,28334.03728277281,540415.1884926255,125312.8929376921,0.4369175887932533,12,78972.12103927118,0.0597975524144841,7.0,0.7444165071219899,-0.6456074263206245,-0.8381072447609109,-0.3521658998592176,-0.8308262753329663,0.3327868364149569,0.3019335698106201,0.388845927526801,0.3034703869530607,1,0,0,0,20260812;
Civico25 - Perugia,REST_00168,Civico25,Perugia,Umbria,Centro,wine bar,https://www.gamberorosso.it/ristoranti/dove-mangiare-a-perugia-i-migliori-ristoranti-street-food-e-pizzerie/,2023,OBSERVED_PUBLIC_SOURCE,local_name;municipality;restaurant_type,,,,,115.2,30.81612710828442,38,7,615769.9622559396,28814.3731844797,774969.335279585,349939.9847253432,0.6889491544151446,9,87967.13746513423,0.04679405451820861,5.428571428571429,0.5225809519396608,-0.1609403862995771,-0.4328160740753143,-0.4169475363269231,-0.7728447216773427,0.4474595783124234,0.3934540799565427,0.3735662783610718,0.3158640573492337,0,0,1,1,20260812;
Stella - Perugia,REST_00169,Stella,Perugia,Umbria,Centro,restaurant,https://www.gamberorosso.it/ristoranti/dove-mangiare-a-perugia-i-migliori-ristoranti-street-food-e-pizzerie/,2023,OBSERVED_PUBLIC_SOURCE,local_name;municipality;restaurant_type,,,,,115.2,65.60710699118519,44,4,790966.3364081029,75696.48043842574,612790.4162058675,291501.6531446473,0.5171272673870884,11,197741.5841020257,0.09570126686070465,11.0,0.6338958728362404,-0.85218605538157,-0.4429594548503104,-0.7494357465777152,-0.1781227139298336,0.2886014695689937,0.3910360167768808,0.2995512359522098,0.4555866871625493,0,0,0,0,20260812;
Bottega di Perugia - Perugia,REST_00170,Bottega di Perugia,Perugia,Umbria,Centro,panineria,https://www.gamberorosso.it/ristoranti/dove-mangiare-a-perugia-i-migliori-ristoranti-street-food-e-pizzerie/,2023,OBSERVED_PUBLIC_SOURCE,local_name;municipality;restaurant_type,,,,,115.2,12.32609992008524,25,4,221137.813498181,21966.70863477793,220190.7031574713,57456.46439915117,0.7747961632605266,10,55284.45337454526,0.09933492733461713,6.25,0.2925247074727778,-0.9288679010004859,-1.238350465285186,-1.460592117513341,-1.278441901767502,0.2731164745919334,0.2247232416311979,0.1735616984290268,0.2178155630852345,0,0,0,0,20260812;
Chiosco della Porchetta - Antica Salumeria Granieri - Perugia,REST_00171,Chiosco della Porchetta - Antica Salumeria Granieri,Perugia,Umbria,Centro,street food,https://www.gamberorosso.it/ristoranti/dove-mangiare-a-perugia-i-migliori-ristoranti-street-food-e-pizzerie/,2023,OBSERVED_PUBLIC_SOURCE,local_name;municipality;restaurant_type,,,,,115.2,12.75310946141705,20,6,230628.9048917309,20049.74607563301,376874.7471641661,144820.6147438117,0.4817099807564006,17,38438.15081528848,0.0869350963837139,3.333333333333333,0.7068306234676028,-0.7844841020520668,-1.309775023142564,-0.5144608644128856,-1.330112559257005,0.3026977660421776,0.2125244933267553,0.3510422872302715,0.2091407472016937,0,1,1,1,20260812;
Cukuc - Perugia,REST_00172,Cukuc,Perugia,Umbria,Centro,street food,https://www.gamberorosso.it/ristoranti/dove-mangiare-a-perugia-i-migliori-ristoranti-street-food-e-pizzerie/,2023,OBSERVED_PUBLIC_SOURCE,local_name;municipality;restaurant_type,,,,,115.2,11.78281785888447,36,8,291943.7096449145,15686.72907352464,387059.7124697218,181083.6714533907,0.6956211051938281,9,36492.96370561432,0.05373203311215065,4.5,0.7310136369398014,-0.002842788293550974,-0.7481173368480039,-0.1551937825128828,-1.192921358788372,0.486792376153935,0.3212316620075832,0.4365455477826083,0.2327368602723728,1,0,1,0,20260812;
Caffè Corretto - Perugia,REST_00173,Caffè Corretto,Perugia,Umbria,Centro,bar,https://www.gamberorosso.it/ristoranti/dove-mangiare-a-perugia-i-migliori-ristoranti-street-food-e-pizzerie/,2023,OBSERVED_PUBLIC_SOURCE,local_name;municipality;restaurant_type,,,,,115.2,11.43900454198862,30,5,372422.4601560892,31331.37114325185,294486.9129672938,108520.3846858969,0.8106885847568146,10,74484.49203121784,0.08412857573122814,6.0,0.6290642224576801,-0.3505690606628101,-0.4756108334800727,-0.7335368026415473,-1.141088204909835,0.4011756246298469,0.3832890972473041,0.3028977516240774,0.2421206212934102,1,1,1,0,20260812;
Bombas Hamburgeria Sarda - Cagliari,REST_00174,Bombas Hamburgeria Sarda,Cagliari,Sardegna,Sud_Isole,panineria,https://www.gamberorosso.it/ristoranti/dove-mangiare-a-cagliari-i-migliori-ristoranti/,2023,OBSERVED_PUBLIC_SOURCE,local_name;municipality;restaurant_type,,,,,90.6,16.51203991377214,62,13,666537.1172674104,38428.23273013282,1049804.754004972,420493.689792844,0.4564194582458072,9,51272.08594364695,0.05765355256984985,4.769230769230769,0.98,0.5309029488156908,-0.3942389130380377,0.8068101159408352,-0.7912088792750588,0.6179610703018232,0.4026972865156687,0.669695929301791,0.3119091585526653,1,1,1,0,20260812;
Dal Corsaro - Cagliari,REST_00175,Dal Corsaro,Cagliari,Sardegna,Sud_Isole,restaurant,https://www.gamberorosso.it/ristoranti/dove-mangiare-a-cagliari-i-migliori-ristoranti/,2023,OBSERVED_PUBLIC_SOURCE,local_name;municipality;restaurant_type,,,,,90.6,64.14669421703724,72,6,1582959.787861996,88768.9895612959,2615997.817499979,1229722.135158452,0.3093703749731438,12,263826.6313103326,0.05607785506743073,12.0,0.8506281419341879,-0.2458696072846737,-0.1600018726760405,0.2392976570381421,0.3685644009480804,0.4265675011393459,0.4600846502590026,0.5347682127040309,0.5911120415967381,0,1,1,1,20260812;
Framento - Cagliari,REST_00176,Framento,Cagliari,Sardegna,Sud_Isole,pizzeria,https://www.gamberorosso.it/ristoranti/dove-mangiare-a-cagliari-i-migliori-ristoranti/,2023,OBSERVED_PUBLIC_SOURCE,local_name;municipality;restaurant_type,,,,,90.6,15.31258708317725,103,10,808427.902505564,76800.399375703,971332.7237219325,302420.6083996606,0.6573490750959748,6,80842.7902505564,0.0949996890726745,10.3,0.7673398461521094,0.6942960187363132,-0.1175144100890388,0.3079969870024071,-0.140626816654956,0.6557239348249773,0.4706551598392473,0.5518125850724128,0.464901119447615,0,1,0,0,20260812;
Impasto - Cagliari,REST_00177,Impasto,Cagliari,Sardegna,Sud_Isole,pizzeria,https://www.gamberorosso.it/ristoranti/dove-mangiare-a-cagliari-i-migliori-ristoranti/,2023,OBSERVED_PUBLIC_SOURCE,local_name;municipality;restaurant_type,,,,,90.6,23.8549289994692,89,11,1386481.493905641,110886.3666897457,1941049.822941402,627338.9131535206,0.6165907888272606,10,126043.7721732401,0.07997680977146333,8.090909090909092,0.4385740927696861,0.6633706185614162,-0.1263093583296334,0.2511434527373974,0.09742815786395828,0.6487093018006561,0.4684645757619719,0.5377140943618309,0.5243377908196468,0,1,0,1,20260812;
Josto - Cagliari,REST_00178,Josto,Cagliari,Sardegna,Sud_Isole,restaurant,https://www.gamberorosso.it/ristoranti/dove-mangiare-a-cagliari-i-migliori-ristoranti/,2023,OBSERVED_PUBLIC_SOURCE,local_name;municipality;restaurant_type,,,,,90.6,45.24889390788381,94,8,1195536.469346263,90865.4992642878,871423.4810430596,230890.6540885156,0.6732891090576866,10,149442.0586682828,0.07600395437035427,11.75,0.4060457651780837,0.3497467938785364,-0.1654892146884566,-0.2226481628409198,0.44542945306065,0.5743806173042645,0.4587218592925997,0.4200305061928131,0.6095519975597171,1,0,0,1,20260812;
Lillicu - Cagliari,REST_00179,Lillicu,Cagliari,Sardegna,Sud_Isole,trattoria,https://www.gamberorosso.it/ristoranti/dove-mangiare-a-cagliari-i-migliori-ristoranti/,2023,OBSERVED_PUBLIC_SOURCE,local_name;municipality;restaurant_type,,,,,90.6,38.78563776000994,43,6,607423.4192679354,41687.19906496132,814069.2112357282,371914.8555819539,0.4687440918814008,9,101237.2365446559,0.06862955517125531,7.166666666666667,0.7832385661963374,-0.5108226289288827,-0.6317664847856318,-0.302785006820445,-0.7435597546106476,0.3633571406315453,0.3471101007152972,0.4006433963606709,0.3222262144043658,0,0,1,0,20260812;
3 Rane Ristoro - Lecce,REST_00180,3 Rane Ristoro,Lecce,Puglia,Sud_Isole,restaurant,https://www.gamberorosso.it/ristoranti/dove-mangiare-lecce-migliori-ristoranti-secondo-gambero-rosso/,2023,OBSERVED_PUBLIC_SOURCE,local_name;municipality;restaurant_type,,,,,90.6,62.8998537723439,51,5,1056914.317219275,124020.0669231227,1452636.22171479,531818.7955064256,0.7668673235377884,4,211382.863443855,0.1173416471918154,10.2,0.6347878842116917,-0.07111332839017839,0.1328750444273009,-0.4709828286851177,-0.05939941112311507,0.4697586250136427,0.5331699719916031,0.3610100732039708,0.4851545118948842,1,0,1,1,20260812;
Buonifico - Lecce,REST_00181,Buonifico,Lecce,Puglia,Sud_Isole,trattoria,https://www.gamberorosso.it/ristoranti/dove-mangiare-lecce-migliori-ristoranti-secondo-gambero-rosso/,2023,OBSERVED_PUBLIC_SOURCE,local_name;municipality;restaurant_type,,,,,90.6,38.08396464259022,47,6,794989.3301291373,50494.58357386313,1214208.116080383,257309.577453295,0.7303854855092161,4,132498.2216881895,0.06351605192696214,7.833333333333333,0.4555775415292076,-0.1837632948492501,-0.3084840627527404,-0.6435121312865677,-0.5979287600534002,0.4418238562854652,0.423484805015694,0.3222366152588193,0.3548177036663772,0,0,1,0,20260812;
Primo restaurant - Lecce,REST_00182,Primo restaurant,Lecce,Puglia,Sud_Isole,restaurant,https://www.gamberorosso.it/ristoranti/dove-mangiare-lecce-migliori-ristoranti-secondo-gambero-rosso/,2023,OBSERVED_PUBLIC_SOURCE,local_name;municipality;restaurant_type,,,,,90.6,46.3170476718572,85,9,1518321.750419843,132498.8734585928,1742009.796431178,511964.2257604427,0.6252813271831339,9,168702.4167133159,0.08726666361853444,9.444444444444445,0.8610982333162264,0.7680427238987361,0.3673290954705249,0.6474383708079476,0.3935103274624143,0.6721758660039652,0.5908134364269356,0.6335410695032933,0.5971274527890248,1,1,0,1,20260812;
Alle Due Corti - Lecce,REST_00183,Alle Due Corti,Lecce,Puglia,Sud_Isole,trattoria,https://www.gamberorosso.it/ristoranti/dove-mangiare-lecce-migliori-ristoranti-secondo-gambero-rosso/,2023,OBSERVED_PUBLIC_SOURCE,local_name;municipality;restaurant_type,,,,,90.6,29.80700073854186,31,4,356792.0579959447,41668.0753375881,468530.9338458393,161196.2377515996,0.469675918437645,8,89198.01449898617,0.1167853218808522,7.75,0.5137108943702415,-1.234327128531191,-1.27282856841699,-1.17202646359053,-1.162496544126979,0.216814550852874,0.2187734323432772,0.2189105522999214,0.2382139460837113,0,0,0,0,20260812;
Nerodiseppia - Trieste,REST_00184,Nerodiseppia,Trieste,Friuli-Venezia Giulia,Nord,trattoria,https://www.gamberorosso.it/ristoranti/i-7-migliori-ristoranti-di-trieste-per-il-gambero-rosso-tra-cui-un-nuovo-tre-forchette/,2023,OBSERVED_PUBLIC_SOURCE,local_name;municipality;restaurant_type,,,,,260.5,36.38619125721677,58,7,893624.4417625484,68193.7960971983,840226.5607968093,279800.5742754454,0.6876966765505146,17,127660.6345375069,0.07631147147530526,8.285714285714286,0.3225094451353349,-0.09824367548761859,0.009125960484622664,-0.1738521419439962,-0.07246008147378544,0.4630068037780454,0.5022814742871463,0.4319616453252413,0.481892901493199,1,0,1,0,20260812;
Puro - Piacere Unico Ristoro Originale - Trieste,REST_00185,Puro - Piacere Unico Ristoro Originale,Trieste,Friuli-Venezia Giulia,Nord,restaurant,https://www.gamberorosso.it/ristoranti/i-7-migliori-ristoranti-di-trieste-per-il-gambero-rosso-tra-cui-un-nuovo-tre-forchette/,2023,OBSERVED_PUBLIC_SOURCE,local_name;municipality;restaurant_type,,,,,260.5,49.72100284688631,97,10,1550987.800865009,34586.87463539085,1786456.119631219,605249.549205419,0.5899027692341979,6,155098.7800865009,0.02229990114435539,9.7,0.6786320541710217,0.7684954449285764,0.5811170964933398,0.9763701108449114,0.5061449117633949,0.6722756177826833,0.6413244096964333,0.7060694545716847,0.6239023178867596,1,1,1,1,20260812;
Alle Rondinelle - Trieste,REST_00186,Alle Rondinelle,Trieste,Friuli-Venezia Giulia,Nord,osteria,https://www.gamberorosso.it/ristoranti/i-7-migliori-ristoranti-di-trieste-per-il-gambero-rosso-tra-cui-un-nuovo-tre-forchette/,2023,OBSERVED_PUBLIC_SOURCE,local_name;municipality;restaurant_type,,,,,260.5,34.77589009646192,81,10,1093938.366768062,97475.07215230068,1432209.516534425,423762.511928707,0.7223639178424386,14,109393.8366768062,0.0891047202597726,8.1,0.577280651828163,0.6876956673912389,0.4626505231659394,0.6312458326782118,0.2301846015815396,0.6542323774819382,0.6136427652484268,0.629773635757177,0.5572933995146155,1,0,1,1,20260812;
Antica Trattoria Suban - Trieste,REST_00187,Antica Trattoria Suban,Trieste,Friuli-Venezia Giulia,Nord,trattoria,https://www.gamberorosso.it/ristoranti/i-7-migliori-ristoranti-di-trieste-per-il-gambero-rosso-tra-cui-un-nuovo-tre-forchette/,2023,OBSERVED_PUBLIC_SOURCE,local_name;municipality;restaurant_type,,,,,260.5,26.13386511603358,57,8,543584.5765603648,34090.81571521563,579791.5413731472,183325.2898969716,0.6727516595856546,7,67948.0720700456,0.06271483258581723,7.125,0.7201413537370338,0.1408620351760304,0.01911016260074092,0.3228538913615172,-0.6766745039195029,0.5226998935870374,0.5047773952596788,0.5554840334291324,0.3370039225466451,1,0,0,1,20260812;
Panificio Fiore - Bari,REST_00188,Panificio Fiore,Bari,Puglia,Sud_Isole,panetteria,https://www.gamberorosso.it/ristoranti/dove-mangiare-bari-vecchia-migliori-ristoranti/,2023,OBSERVED_PUBLIC_SOURCE,local_name;municipality;restaurant_type,,,,,90.6,8.282795982711367,40,12,324387.3469234963,7904.53069833042,276749.7350702072,133335.6524619119,0.7410464059283036,12,27032.27891029136,0.02436756788850531,3.333333333333333,0.5621385145983876,0.4336699453755628,-0.8234806645018062,0.01349337860176222,-1.054753355519688,0.5947579433054593,0.3050253113487864,0.478386821300113,0.2583133712691518,0,0,1,0,20260812;
Gentile - Bari,REST_00189,Gentile,Bari,Puglia,Sud_Isole,gelateria,https://www.gamberorosso.it/ristoranti/dove-mangiare-bari-vecchia-migliori-ristoranti/,2023,OBSERVED_PUBLIC_SOURCE,local_name;municipality;restaurant_type,,,,,90.6,12.84663304126143,34,6,433895.2624835952,23924.34544177503,421314.4091961637,172686.9635743007,0.7440330914965635,12,72315.87708059921,0.05513852653018899,5.666666666666667,0.3836778978844699,-0.4014126967095545,-0.786183628384499,-0.905502050482667,-1.028487191964318,0.3890249372962234,0.3129887052416224,0.2678610288120236,0.2633774986579601,1,1,0,0,20260812;
Panzeropoli by Benny - Bari,REST_00190,Panzeropoli by Benny,Bari,Puglia,Sud_Isole,street food,https://www.gamberorosso.it/ristoranti/dove-mangiare-bari-vecchia-migliori-ristoranti/,2023,OBSERVED_PUBLIC_SOURCE,local_name;municipality;restaurant_type,,,,,90.6,8.226982957279311,24,5,165550.9012413835,17727.52902780738,216095.740514739,53865.05749862402,0.5538775239052692,8,33110.18024827669,0.1070820448265609,4.8,0.3977388339062393,-1.050770537334486,-1.787123333068682,-1.195516346266329,-1.585591673417216,0.2495955467597175,0.1434257734981336,0.2149205755856096,0.1700050218535789,0,0,0,0,20260812;
Al Pescatore - Bari,REST_00191,Al Pescatore,Bari,Puglia,Sud_Isole,restaurant,https://www.gamberorosso.it/ristoranti/dove-mangiare-bari-vecchia-migliori-ristoranti/,2023,OBSERVED_PUBLIC_SOURCE,local_name;municipality;restaurant_type,,,,,90.6,39.32029612331606,85,9,996687.4063738696,41197.81357570774,574077.4068402797,144850.9996956504,0.6122220842871305,11,110743.0451526522,0.04133473876788801,9.444444444444445,0.5437603966389584,0.3439400111955287,-0.2656976351896593,-0.00989162997195317,0.1487556451064381,0.572960438118686,0.4339636226686731,0.4725547064529664,0.5371204855844304,1,1,1,1,20260812;
Oscar - Palermo,REST_00192,Oscar,Palermo,Sicilia,Sud_Isole,pasticceria,https://www.gamberorosso.it/ristoranti/palermo-in-15-locali-le-insegne-da-non-perdere-nel-capoluogo-siciliano/,2023,OBSERVED_PUBLIC_SOURCE,local_name;municipality;restaurant_type,,,,,90.6,15.10081054656372,26,6,378325.0495003428,34613.25887727803,305470.1629710065,121948.2408177024,0.7463786452407617,10,63054.1749167238,0.09149079322924047,4.333333333333333,0.793241408545172,-0.1873694043791827,-0.4783820154090555,-0.3963490826690053,-1.185465618992043,0.4409347211445609,0.3826342614498191,0.3783990307345202,0.234070886876567,0,0,0,1,20260812;
I segreti del chiostro - Palermo,REST_00193,I segreti del chiostro,Palermo,Sicilia,Sud_Isole,pasticceria,https://www.gamberorosso.it/ristoranti/palermo-in-15-locali-le-insegne-da-non-perdere-nel-capoluogo-siciliano/,2023,OBSERVED_PUBLIC_SOURCE,local_name;municipality;restaurant_type,,,,,90.6,15.46765518066459,33,7,561465.6254015088,61190.68251264167,676162.9117017459,176768.0859584455,0.3650920798547435,10,80209.3750573584,0.1089838446812905,4.714285714285714,0.5317845564072028,-0.758661339521758,-1.113495867737349,-0.4937108974486629,-1.279210151689681,0.3081758294681478,0.2472197253577804,0.3557838558344766,0.217684703228156,1,0,0,0,20260812;
Gelateria Cappadonia - Palermo,REST_00194,Gelateria Cappadonia,Palermo,Sicilia,Sud_Isole,gelateria,https://www.gamberorosso.it/ristoranti/palermo-in-15-locali-le-insegne-da-non-perdere-nel-capoluogo-siciliano/,2023,OBSERVED_PUBLIC_SOURCE,local_name;municipality;restaurant_type,,,,,90.6,11.13973728959277,50,8,499513.2779857513,25395.23009313008,487724.7286579487,219927.2216741682,0.5159977012583211,9,62439.15974821892,0.05083995003202794,6.25,0.7480980814384869,-0.1608070630888579,-0.7235924097327139,-0.09977645968274826,-1.055948145900041,0.4474925413077774,0.3266024008877658,0.450221333236858,0.2580845303877752,1,1,1,0,20260812;
Ficus - Palermo,REST_00195,Ficus,Palermo,Sicilia,Sud_Isole,gelateria,https://www.gamberorosso.it/ristoranti/palermo-in-15-locali-le-insegne-da-non-perdere-nel-capoluogo-siciliano/,2023,OBSERVED_PUBLIC_SOURCE,local_name;municipality;restaurant_type,,,,,90.6,12.32761685549647,39,9,367582.392426132,21273.27389862558,620385.034825338,301252.3361864585,0.9092208369244525,7,40842.48804734801,0.0578734845219785,4.333333333333333,0.6877446657272464,0.505954188116926,-0.3204115684425492,-0.1146122318856377,-1.027693969380266,0.6120539593692527,0.4205754487438604,0.4465519291543745,0.2635314204885712,1,0,1,1,20260812;
Casa Stagnitta - Palermo,REST_00196,Casa Stagnitta,Palermo,Sicilia,Sud_Isole,caffetteria,https://www.gamberorosso.it/ristoranti/palermo-in-15-locali-le-insegne-da-non-perdere-nel-capoluogo-siciliano/,2023,OBSERVED_PUBLIC_SOURCE,local_name;municipality;restaurant_type,,,,,90.6,10.57804703409262,29,7,461782.5021085796,34358.47692815222,718987.6433347262,289180.8903224269,0.6745136682920868,9,65968.92887265423,0.07440402520941226,4.142857142857143,0.5221142326435209,-0.2850029603692392,-0.726543896006377,-0.5527395825726283,-1.258482767782907,0.4170238260885906,0.3259536033654944,0.3423724444789746,0.2212351858650236,0,0,0,0,20260812;
Da Bacone - Pescara,REST_00197,Da Bacone,Pescara,Abruzzo,Sud_Isole,restaurant,https://www.gamberorosso.it/ristoranti/dove-mangiare-a-pescara-i-migliori-ristoranti/,2023,OBSERVED_PUBLIC_SOURCE,local_name;municipality;restaurant_type,,,,,90.6,37.02974043020515,65,6,1043428.545609408,109401.7410734619,1524523.650691018,349964.3630192312,0.3791780557463703,12,173904.757601568,0.1048483305673476,10.83333333333333,0.7698990735563506,-0.4109072586003679,-0.4148539588541202,-0.1172775356587498,-0.2746151290509012,0.3867706189828862,0.397748805970414,0.4458933113879766,0.4317744403092815,0,1,1,1,20260812;
Botanico - Pescara,REST_00198,Botanico,Pescara,Abruzzo,Sud_Isole,bistrot,https://www.gamberorosso.it/ristoranti/dove-mangiare-a-pescara-i-migliori-ristoranti/,2023,OBSERVED_PUBLIC_SOURCE,local_name;municipality;restaurant_type,,,,,90.6,29.08100618680797,48,6,796280.4290774885,18063.53017809598,683183.6914802766,150803.1226514338,0.6996255471201211,19,132713.4048462481,0.02268488527216856,8.0,0.6647333894841659,-0.09530253948118465,-0.1556478529841954,-0.3696885737733644,-0.2845370946119078,0.4637381418890018,0.4611664044962936,0.3846899566682255,0.4293417996482608,1,1,0,1,20260812;
casaMatta - Pescara,REST_00199,casaMatta,Pescara,Abruzzo,Sud_Isole,restaurant,https://www.gamberorosso.it/ristoranti/dove-mangiare-a-pescara-i-migliori-ristoranti/,2023,OBSERVED_PUBLIC_SOURCE,local_name;municipality;restaurant_type,,,,,90.6,40.52185788364386,37,3,648319.6302089015,52363.11658269535,704326.9874097811,194739.8584321282,0.5189567147409713,9,216106.5434029672,0.08076743961280783,12.33333333333333,0.5231237350519097,-1.272321569970059,-0.7533433504279341,-1.289649281463813,-0.7512243850722099,0.2104323040429388,0.3200932383332217,0.1994637529677726,0.3205545719962211,1,0,1,0,20260812;
Cicchelli - Pescara,REST_00200,Cicchelli,Pescara,Abruzzo,Sud_Isole,wine bar,https://www.gamberorosso.it/ristoranti/dove-mangiare-a-pescara-i-migliori-ristoranti/,2023,OBSERVED_PUBLIC_SOURCE,local_name;municipality;restaurant_type,,,,,90.6,27.25145967842217,26,6,510919.0653304422,48446.79761642764,681004.1601795128,151911.5543496761,0.6351772055813113,10,85153.17755507371,0.09482284162775208,4.333333333333333,0.6074540450040073,-0.4517996696568584,-0.6390598530191034,-0.5773310152779897,-1.036565138022749,0.3771178330493951,0.3454590918121657,0.3368572524180621,0.2618132963837363,0,1,0,0,20260812;
Osteria del Mare - Pescara,REST_00201,Osteria del Mare,Pescara,Abruzzo,Sud_Isole,restaurant,https://www.gamberorosso.it/ristoranti/dove-mangiare-a-pescara-i-migliori-ristoranti/,2023,OBSERVED_PUBLIC_SOURCE,local_name;municipality;restaurant_type,,,,,90.6,53.73559963688717,59,6,1040829.527485656,24668.02674467205,1139379.917887294,546457.6785747035,0.8813726803648412,5,173471.587914276,0.02370035254885869,9.833333333333334,0.8587519451254615,0.4876705083724073,0.5395592307320807,-0.002417711804138634,0.02133060737553116,0.6077038197560549,0.6317098776148998,0.4744179298282657,0.5053324496590056,1,1,0,0,20260812;
Primo Passo - Pescara,REST_00202,Primo Passo,Pescara,Abruzzo,Sud_Isole,bistrot,https://www.gamberorosso.it/ristoranti/dove-mangiare-a-pescara-i-migliori-ristoranti/,2023,OBSERVED_PUBLIC_SOURCE,local_name;municipality;restaurant_type,,,,,90.6,27.9532787953732,45,7,557582.6839268769,25629.20607730914,449825.8790250109,179863.7275040509,0.7575903785283081,18,79654.66913241099,0.04596485295563847,6.428571428571429,0.6303948637867566,0.03883760281107688,-0.3425351993943226,-0.3667024113379929,-0.4211870284037867,0.4972094296779241,0.4151937785655649,0.3853970349947156,0.3962327395844317,1,0,0,1,20260812;
Soms - Pescara,REST_00203,Soms,Pescara,Abruzzo,Sud_Isole,restaurant,https://www.gamberorosso.it/ristoranti/dove-mangiare-a-pescara-i-migliori-ristoranti/,2023,OBSERVED_PUBLIC_SOURCE,local_name;municipality;restaurant_type,,,,,90.6,40.19173898524885,61,6,1075931.100141892,78957.98217095916,600241.0712952918,168155.7701257155,0.5672628189181321,8,179321.8500236487,0.07338572345436088,10.16666666666667,0.7591405425267643,-0.09873495746724958,-0.0780536631308354,-0.1162036279139729,-0.2619373099216862,0.4628846578231884,0.480496485104791,0.4461586598157266,0.4348875342829077,0,0,0,1,20260812;
Taverna 58 - Pescara,REST_00204,Taverna 58,Pescara,Abruzzo,Sud_Isole,trattoria,https://www.gamberorosso.it/ristoranti/dove-mangiare-a-pescara-i-migliori-ristoranti/,2023,OBSERVED_PUBLIC_SOURCE,local_name;municipality;restaurant_type,,,,,90.6,32.03878170141165,66,8,940566.745200093,36376.32208547663,694092.7401824625,201964.982858815,0.4698533630834324,13,117570.8431500116,0.03867489709912937,8.25,0.4331992920192471,-0.2084531805202071,-0.6616510724118823,-0.3058495974557284,-0.2787558171768484,0.4357439886316896,0.3403688186182499,0.3999077261055544,0.4307588304122431,0,1,0,0,20260812;
Forno Ardito - Pescara,REST_00205,Forno Ardito,Pescara,Abruzzo,Sud_Isole,panetteria,https://www.gamberorosso.it/ristoranti/dove-mangiare-a-pescara-i-migliori-ristoranti/,2023,OBSERVED_PUBLIC_SOURCE,local_name;municipality;restaurant_type,,,,,90.6,10.44105228225257,41,12,472461.9830419343,51691.96532665155,620408.650943153,145956.4023874919,0.2820278988090755,12,39371.83192016119,0.1094097878390853,3.416666666666667,0.4083075867512431,-0.4014777463787467,-1.501040465930315,-0.1185382469533411,-1.272217432974828,0.3890094761074379,0.1822703932774153,0.4455818456264364,0.2188779004417185,1,0,1,0,20260812;
Alla Chitarra Antica - Pescara,REST_00206,Alla Chitarra Antica,Pescara,Abruzzo,Sud_Isole,gastronomia,https://www.gamberorosso.it/ristoranti/dove-mangiare-a-pescara-i-migliori-ristoranti/,2023,OBSERVED_PUBLIC_SOURCE,local_name;municipality;restaurant_type,,,,,90.6,10.79154838287182,34,9,249628.0877106829,8019.425660551125,400393.182817271,189085.2922720643,0.3109015520825433,11,27736.45419007587,0.03212549410643878,3.777777777777778,0.8255138930423525,-0.5064983502079601,-1.496292121494349,0.01045693632724073,-1.456875372724608,0.3643580603973942,0.1829791920554765,0.477629179447235,0.1889456940745344,0,0,1,0,20260812;
Don Gennaro - Pescara,REST_00207,Don Gennaro,Pescara,Abruzzo,Sud_Isole,wine bar,https://www.gamberorosso.it/ristoranti/dove-mangiare-a-pescara-i-migliori-ristoranti/,2023,OBSERVED_PUBLIC_SOURCE,local_name;municipality;restaurant_type,,,,,90.6,29.30525512392567,41,7,627666.4660368463,43752.39179055897,852800.6064186444,307058.7473637763,0.7474779053640382,9,89666.63800526375,0.06970643511802739,5.857142857142857,0.5563145052339695,-0.01937075003371899,-0.3483664975064286,-0.4308548168009161,-0.7084081542424996,0.4826642639989607,0.4137785971489936,0.3703175376622095,0.3299506752749997,0,0,1,0,20260812;
La Fabbrica del Vino - Pescara,REST_00208,La Fabbrica del Vino,Pescara,Abruzzo,Sud_Isole,bistrot,https://www.gamberorosso.it/ristoranti/dove-mangiare-a-pescara-i-migliori-ristoranti/,2023,OBSERVED_PUBLIC_SOURCE,local_name;municipality;restaurant_type,,,,,90.6,24.91487982313648,37,5,458156.657726572,22631.90637955517,364137.8838561828,122524.7418416111,0.7606970145173588,12,91631.33154531439,0.0493977463775325,7.4,0.478214003204062,-0.471464689660124,-0.6260082745609655,-0.9542011286313746,-0.7911666190817164,0.3725098040895312,0.3484161995015115,0.2584191851985586,0.3119182285850174,0,0,0,0,20260812;
Officina Frate Tac - Pescara,REST_00209,Officina Frate Tac,Pescara,Abruzzo,Sud_Isole,griglieria,https://www.gamberorosso.it/ristoranti/dove-mangiare-a-pescara-i-migliori-ristoranti/,2023,OBSERVED_PUBLIC_SOURCE,local_name;municipality;restaurant_type,,,,,90.6,27.08976230954192,96,13,1283477.274363912,71686.22683162468,1076296.108057615,250223.1257282783,0.613711608451842,12,98729.02110491629,0.05585313294086348,7.384615384615385,0.558919343374241,0.9143521762761184,-0.06831695507519868,0.5438946195168167,0.2609175422303404,0.7035691459614721,0.4829274008266853,0.6091866483340835,0.5648618306148603,1,1,0,0,20260812;
Nole - Pescara,REST_00210,Nole,Pescara,Abruzzo,Sud_Isole,restaurant,https://www.gamberorosso.it/ristoranti/dove-mangiare-a-pescara-i-migliori-ristoranti/,2023,OBSERVED_PUBLIC_SOURCE,local_name;municipality;restaurant_type,,,,,90.6,50.70804060468956,62,6,1501248.033997937,41578.82222048345,1690252.802293533,627425.9882274213,0.5815493229618889,10,250208.0056663228,0.02769617097166543,10.33333333333333,0.5858246383341827,-0.02424110674697336,0.01390138236518934,-0.1446498212277286,0.1330575368592952,0.4814482435717463,0.5034752896252884,0.4391407955223194,0.5332153940377653,0,0,0,0,20260812;
Café Les Paillotes - Pescara,REST_00211,Café Les Paillotes,Pescara,Abruzzo,Sud_Isole,restaurant,https://www.gamberorosso.it/ristoranti/mangiare-pescara-pasqua-ristoranti/,2024,OBSERVED_PUBLIC_SOURCE,local_name;municipality;restaurant_type,,,,,90.6,54.82184355386322,57,6,1069805.293780135,116258.9298753415,1329307.817143376,378494.1414472798,0.3832383406531406,14,178300.8822966892,0.1086729805426022,9.5,0.7908302969948784,-0.4172207529896109,-0.3695556469709905,-0.07765812401082095,-0.05386266847635965,0.3852742646936485,0.4086483972868024,0.4557019205946599,0.486537587471624,0,0,1,1,20260812;
Archivio Storico - Napoli,REST_00212,Archivio Storico,Napoli,Campania,Sud_Isole,restaurant,https://www.gamberorosso.it/ristoranti/dove-mangiare-napoli-migliori-ristoranti/,2023,OBSERVED_PUBLIC_SOURCE,local_name;municipality;restaurant_type,,,,,90.6,48.84084104819296,77,6,1099019.869163341,50251.23690815784,1324959.059176993,504338.553803158,0.3742549663420909,20,183169.9781938902,0.04572368372776824,12.83333333333333,0.98,-0.2062496370399772,-0.1805957422200684,0.183053932363872,0.320631624473068,0.4362858529381149,0.4549733759188942,0.5207515558527442,0.5794781761557946,0,0,0,1,20260812;
Aria - Napoli,REST_00213,Aria,Napoli,Campania,Sud_Isole,restaurant,https://www.gamberorosso.it/ristoranti/dove-mangiare-napoli-migliori-ristoranti/,2023,OBSERVED_PUBLIC_SOURCE,local_name;municipality;restaurant_type,,,,,90.6,60.55863902980764,74,7,1767785.658032201,206432.0094508029,2625338.481596213,819751.7984489293,0.5318114336060262,11,252540.8082903144,0.1167743433785923,10.57142857142857,0.9550717359949012,0.4442914484072114,0.4058784345171017,0.6207001011453454,0.5367968908092844,0.5973153498667102,0.600099194236773,0.6273114587982405,0.6310669788080986,1,0,0,1,20260812;
Cap’Alice - Napoli,REST_00214,Cap’Alice,Napoli,Campania,Sud_Isole,bistrot,https://www.gamberorosso.it/ristoranti/dove-mangiare-napoli-migliori-ristoranti/,2023,OBSERVED_PUBLIC_SOURCE,local_name;municipality;restaurant_type,,,,,90.6,30.42242718095841,62,9,875082.4800397501,20435.68084834188,1011566.47035327,502914.8315196665,0.717073938337142,16,97231.38667108334,0.02335286251807213,6.888888888888889,0.6446854688188625,0.4401491169747545,-0.07794296545955959,0.06534846973402031,-0.1204904391407453,0.5963185956572649,0.4805241174742744,0.4913379841436386,0.4699137805860459,1,0,1,0,20260812;
Il Comandante del Romeo Hotel - Napoli,REST_00215,Il Comandante del Romeo Hotel,Napoli,Campania,Sud_Isole,restaurant,https://www.gamberorosso.it/ristoranti/dove-mangiare-napoli-migliori-ristoranti/,2023,OBSERVED_PUBLIC_SOURCE,local_name;municipality;restaurant_type,,,,,90.6,51.61611537855612,79,7,1537720.795904333,106112.3336871662,1668570.922595342,712044.0628123225,0.6127667673108802,24,219674.3994149047,0.0690062422058626,11.28571428571429,0.7000415873606634,0.3551806369175078,0.1969118326681598,0.1804706125784734,0.8373511973199788,0.5757084755053872,0.5490695076744188,0.5201068041486022,0.6979070544466638,1,1,1,0,20260812;
Amocù - Catania,REST_00216,Amocù,Catania,Sicilia,Sud_Isole,restaurant,https://www.gamberorosso.it/ristoranti/dove-mangiare-a-catania-migliori-ristoranti/,2024,OBSERVED_PUBLIC_SOURCE,local_name;municipality;restaurant_type,,,,,90.6,60.3465646876373,38,4,782005.6972273708,57130.05880400367,1190125.279095213,249193.2687846727,0.7458472286944464,14,195501.4243068427,0.07305580893663606,9.5,0.4242261785498752,-0.6242544965545502,-0.3241580576174538,-1.091011111651855,-0.09218167374027422,0.3375448434099209,0.419662732933716,0.2330781480314658,0.4769708866718515,0,0,0,0,20260812;
Osteria Antica Marina - Catania,REST_00217,Osteria Antica Marina,Catania,Sicilia,Sud_Isole,trattoria,https://www.gamberorosso.it/ristoranti/dove-mangiare-a-catania-migliori-ristoranti/,2024,OBSERVED_PUBLIC_SOURCE,local_name;municipality;restaurant_type,,,,,90.6,34.78218816101381,41,5,596650.6737723963,54814.87332122803,378120.6412078239,94039.06568886932,0.794636874350712,7,119330.1347544793,0.09187096525786914,8.2,0.9498095050494832,-0.0347157355796367,0.08270999714481023,-0.2736903652658764,-0.6679045572471631,0.4788337233578529,0.5206657195440106,0.4076496010954515,0.3389662041557565,0,0,0,0,20260812;
Materia Spazio Cucina di Habitat Boutique Hotel - Catania,REST_00218,Materia Spazio Cucina di Habitat Boutique Hotel,Catania,Sicilia,Sud_Isole,restaurant,https://www.gamberorosso.it/ristoranti/dove-mangiare-a-catania-migliori-ristoranti/,2024,OBSERVED_PUBLIC_SOURCE,local_name;municipality;restaurant_type,,,,,90.6,48.61305939361214,96,10,1662375.49457663,96872.42054808963,2157528.393349207,488146.3689443877,0.6100643596027284,10,166237.549457663,0.05827348927130382,9.6,0.6772607260631408,0.8393639390315198,0.2253803376828539,0.5877845875602946,0.6519838858423639,0.6876947396446778,0.5561077796332166,0.619584399095509,0.6574573874545679,1,1,0,0,20260812;
Me Cumpari Turiddu - Catania,REST_00219,Me Cumpari Turiddu,Catania,Sicilia,Sud_Isole,bistrot,https://www.gamberorosso.it/ristoranti/dove-mangiare-a-catania-migliori-ristoranti/,2024,OBSERVED_PUBLIC_SOURCE,local_name;municipality;restaurant_type,,,,,90.6,28.85520321821046,51,7,978991.4604003706,93125.45981204785,1072302.799906865,431173.6252772153,0.7686939513457702,10,139855.9229143387,0.0951238734748136,7.285714285714286,0.5346482237858962,0.180053213895997,-0.01657053106181168,-0.2956380058734698,-0.4012398145412688,0.5324675537891974,0.4958574620231494,0.4023608055251186,0.4010144976017467,1,1,1,1,20260812;
Bacancito - Milano,REST_00220,Bacancito,Milano,Lombardia,Nord,restaurant,https://www.gamberorosso.it/ristoranti/ristoranti-carne-milano/,2024,OBSERVED_PUBLIC_SOURCE,local_name;municipality;restaurant_type,,,,,260.5,54.57032858674778,75,6,1338262.249022586,137516.5511574641,990696.5178381423,488024.5217955684,0.7196997832425546,13,223043.708170431,0.1027575508895216,12.5,0.6221623370722781,0.2377529313758845,0.6454566131158619,0.2655969939984501,0.4939116170948424,0.5468008315701103,0.6559858916978175,0.5413049017722757,0.6210274754789002,0,0,0,0,20260812;
Barbacoa - Milano,REST_00221,Barbacoa,Milano,Lombardia,Nord,steakhouse,https://www.gamberorosso.it/ristoranti/ristoranti-carne-milano/,2024,OBSERVED_PUBLIC_SOURCE,local_name;municipality;restaurant_type,,,,,260.5,49.98922049033842,77,6,1432288.254649197,148945.8793361909,1956185.076295438,560883.2617457997,0.6074493020488207,13,238714.7091081995,0.1039915525751983,12.83333333333333,0.8062012946683963,0.2079087769473484,0.6798135941061036,0.5497723499201637,0.4122904410424448,0.5393953673495542,0.663697092270446,0.6105851067399465,0.6016369562722528,0,1,1,0,20260812;
Beefbar Quadrilatero del Portrait Milano Hotel - Milano,REST_00222,Beefbar Quadrilatero del Portrait Milano Hotel,Milano,Lombardia,Nord,steakhouse,https://www.gamberorosso.it/ristoranti/ristoranti-carne-milano/,2024,OBSERVED_PUBLIC_SOURCE,local_name;municipality;restaurant_type,,,,,260.5,71.09703919015705,73,6,1621363.681346544,101716.2353020513,1813495.338882604,469873.4888757922,0.528399331189982,18,270227.2802244239,0.06273499059604933,12.16666666666667,0.8694092449475711,0.1643691569906608,0.6931619793363335,0.7203443399069005,0.8297411635753488,0.5285611636404854,0.6666699552755305,0.6502968592582103,0.6963001974415217,1,1,1,1,20260812;
Carni&Co - Milano,REST_00223,Carni&Co,Milano,Lombardia,Nord,braceria,https://www.gamberorosso.it/ristoranti/ristoranti-carne-milano/,2024,OBSERVED_PUBLIC_SOURCE,local_name;municipality;restaurant_type,,,,,260.5,55.35974288231372,63,6,1351896.472839845,35109.6821612987,1375138.528734014,556570.2048556252,0.6349201833448022,15,225316.0788066408,0.02597068848589121,10.5,0.4736534435810536,-0.05614559721927764,0.3604444051102456,0.07794403415381568,0.346172973420176,0.4734884878749357,0.5891480077456577,0.4944862320581911,0.5856892283372328,0,1,1,1,20260812;
Ai Mercanti - Venezia,REST_00224,Ai Mercanti,Venezia,Veneto,Nord,restaurant,https://www.gamberorosso.it/ristoranti/venezia-i-migliori-ristoranti-dove-mangiare-allaperto/,2021,OBSERVED_PUBLIC_SOURCE,local_name;municipality;restaurant_type,,,,,260.5,39.31333717588497,49,5,766162.2841207538,80295.5162648026,492651.2043937694,154354.728051914,0.5649302176761227,12,153232.4568241508,0.1048022304529772,9.8,0.6573880681141686,-0.5233091573576711,0.01524346976008312,-0.138148646599055,-0.4370905517333572,0.3604736052193005,0.5038107936495685,0.4407426379880792,0.3924344504742545,0,0,1,0,20260812;
Antinoo's Lounge & Restaurant - Venezia,REST_00225,Antinoo's Lounge & Restaurant,Venezia,Veneto,Nord,restaurant,https://www.gamberorosso.it/ristoranti/venezia-i-migliori-ristoranti-dove-mangiare-allaperto/,2021,OBSERVED_PUBLIC_SOURCE,local_name;municipality;restaurant_type,,,,,260.5,38.71243684567398,93,7,1037478.026942238,22665.64859801001,1436852.697507269,687861.1246617002,0.7915823666215522,21,148211.1467060339,0.02184687097886068,13.28571428571429,0.540741703544781,0.4387976328867404,0.508939243162941,0.1781819151975171,0.6905640343572976,0.5959932204150106,0.6245577754018077,0.5195355290463256,0.6660923872552394,0,1,1,0,20260812;
Osteria Al Cantinon - Venezia,REST_00226,Osteria Al Cantinon,Venezia,Veneto,Nord,osteria,https://www.gamberorosso.it/collections/venezia/,2025,OBSERVED_PUBLIC_SOURCE,local_name;municipality;restaurant_type,,,,,260.5,22.66491067677997,76,12,670180.6621134315,52407.59175353323,881795.7084892376,227331.6886503959,0.4518182111518882,18,55848.38850945263,0.07819920018023882,6.333333333333333,0.6591011929305549,0.2909473273613314,-0.274080199359769,0.739739999118627,-0.239574858082186,0.5599470899806738,0.4319056875672448,0.6546946846872329,0.4403911229335103,0,0,1,0,20260812;
Oro dell'Hotel Cipriani - Venezia,REST_00227,Oro dell'Hotel Cipriani,Venezia,Veneto,Nord,restaurant,https://www.gamberorosso.it/collections/venezia/,2025,OBSERVED_PUBLIC_SOURCE,local_name;municipality;restaurant_type,,,,,260.5,70.80776043021032,42,3,1007146.599934687,58147.54615356155,734713.3338160133,231174.9013503251,0.5122802915265452,21,335715.5333115622,0.05773493765190928,14.0,0.5573293929203705,-1.104904757648693,0.02069604650838645,-0.6393165137315371,0.2477254614355767,0.2395943496798651,0.5051738269545508,0.3231536214670089,0.5616165804784501,0,0,0,1,20260812;
Birraria La Corte - Venezia,REST_00228,Birraria La Corte,Venezia,Veneto,Nord,pizzeria,https://www.gamberorosso.it/collections/venezia/,2025,OBSERVED_PUBLIC_SOURCE,local_name;municipality;restaurant_type,,,,,260.5,27.77480418703275,51,6,915847.8760714575,43696.17066056909,1446175.511051061,631622.7470048883,0.9720175129661006,16,152641.3126785762,0.04771116667104633,8.5,0.8005972465851716,0.523193052347909,0.9870711428170413,0.3020811612119728,-0.1192204176440095,0.6161392300808375,0.7285090302132294,0.5503490655979577,0.4702301484073477,1,1,1,1,20260812;
Trattoria da me - Bologna,REST_00229,Trattoria da me,Bologna,Emilia-Romagna,Nord,trattoria,https://www.gamberorosso.it/rubriche/classifiche/ristoranti-tipici-di-bologna-dove-assaggiare-i-piatti-tradizionali/,2019,OBSERVED_PUBLIC_SOURCE,local_name;municipality;restaurant_type,,,,,260.5,36.72016550940913,73,11,1172902.872360857,24395.51920403737,1372272.772195271,552699.5841230482,0.7224915991648666,21,106627.533850987,0.02079926631514959,6.636363636363637,0.5211578903343662,0.7473981313907435,0.4574811019901818,0.6982542783864544,0.3879691922613163,0.6676106521793139,0.6124164536778165,0.6452568111520938,0.5957937282359888,0,0,1,1,20260812;
Osteria Bottega - Bologna,REST_00230,Osteria Bottega,Bologna,Emilia-Romagna,Nord,trattoria,https://www.gamberorosso.it/collections/bologna-2/,2025,OBSERVED_PUBLIC_SOURCE,local_name;municipality;restaurant_type,,,,,260.5,41.97983598751562,87,12,1130554.081080889,34328.71912546831,1774717.725831847,780532.4249415008,0.5854774080858474,7,94212.8400900741,0.03036450860683077,7.25,0.6269318367684431,0.7233220125088597,0.2978169232067762,0.9119917177942936,0.1260320648724654,0.6622466138208652,0.5739087590135081,0.692533764816501,0.531466376034006,0,0,1,0,20260812;
Cubique - Torino,REST_00231,Cubique,Torino,Piemonte,Nord,restaurant,https://www.gamberorosso.it/collection/torino/,2025,OBSERVED_PUBLIC_SOURCE,local_name;municipality;restaurant_type,,,,,260.5,53.93564402515356,77,8,1608812.769811588,174815.2254214564,2376284.234539981,630311.9243787533,0.5693382264831329,16,201101.5962264485,0.1086610130785632,9.625,0.5252838806958211,0.3233353133331597,0.421333075431772,0.5641062022553323,0.5992006527238165,0.5679115355775411,0.6038021990605575,0.6139878282501218,0.6454734068811259,0,1,1,1,20260812;
Condividere - Torino,REST_00232,Condividere,Torino,Piemonte,Nord,restaurant,https://www.gamberorosso.it/collection/torino/,2025,OBSERVED_PUBLIC_SOURCE,local_name;municipality;restaurant_type,,,,,260.5,50.59726473967437,92,7,1677015.974592648,167546.9170853805,1247923.238244258,582013.1578485069,0.7322822143920407,21,239573.7106560926,0.09990776451970178,13.14285714285714,0.7063316948167194,0.6778520116169356,0.9102590282813925,0.6921587238546677,1.046480655163722,0.6520022529524352,0.7130531650259779,0.6438603037503475,0.7400985159261971,1,0,1,1,20260812;
Consorzio - Torino,REST_00233,Consorzio,Torino,Piemonte,Nord,trattoria,https://www.gamberorosso.it/collection/torino/,2025,OBSERVED_PUBLIC_SOURCE,local_name;municipality;restaurant_type,,,,,260.5,32.18969272254572,49,6,619629.8627816848,22037.41922133238,670302.7966303808,197140.3084782046,0.6073521141938782,16,103271.6437969475,0.03556545696877889,8.166666666666666,0.9257962706465397,-0.1456548176438704,0.2005832537384958,0.3277591724932423,-0.4454545921219601,0.4512417385770632,0.5499783580787888,0.5566949209232451,0.3904420194014012,0,1,1,0,20260812;
Da Christian e Manuel dell’Hotel Cinzia - Vercelli,REST_00234,Da Christian e Manuel dell’Hotel Cinzia,Vercelli,Piemonte,Nord,restaurant,https://www.gamberorosso.it/collection/torino/,2025,OBSERVED_PUBLIC_SOURCE,local_name;municipality;restaurant_type,,,,,260.5,36.65787631351954,82,6,986166.2461555403,86245.35874485168,1005553.141578612,342472.7142504078,0.4674598641554071,9,164361.0410259234,0.08745519234821678,13.66666666666667,0.7014429255130518,-0.2458836018184932,0.06933955863764424,0.2052835430110425,-0.09564736528982364,0.4265640779725798,0.5173279475216896,0.5262965995782838,0.4761063716433431,0,1,1,1,20260812;
Baccano - Roma,REST_00235,Baccano,Roma,Lazio,Centro,bistrot,https://www.gamberorosso.it/collections/roma-5/,2026,OBSERVED_PUBLIC_SOURCE,local_name;municipality;restaurant_type,,,,,115.2,26.58570592447595,63,10,913458.4505814567,25860.15760953378,958276.523634538,339875.205159614,0.6472887321419432,20,91345.84505814567,0.02831016297793583,6.3,0.733378921023256,0.5096449151300604,-0.01777103981122538,0.376029447362471,-0.07612041719621584,0.6129299367586402,0.495557356965783,0.5685725224657902,0.4809790792525949,1,0,0,0,20260812;
Grappolo d’Oro - Roma,REST_00236,Grappolo d’Oro,Roma,Lazio,Centro,trattoria,https://www.gamberorosso.it/collections/roma-5/,2026,OBSERVED_PUBLIC_SOURCE,local_name;municipality;restaurant_type,,,,,115.2,44.76696277989482,56,6,979075.3247523636,89966.31778488729,953024.7029903218,444689.7772531668,0.4283723691206922,27,163179.2207920606,0.0918890666636322,9.333333333333334,0.5359191741561012,-0.543992485183092,-0.5407395736491611,-0.3893696118644762,0.1747410877788988,0.3557193180672596,0.3680155553618191,0.3800420822316789,0.5435744515120001,0,0,0,1,20260812;
L’Arcangelo Vino e Cucina - Roma,REST_00237,L’Arcangelo Vino e Cucina,Roma,Lazio,Centro,trattoria,https://www.gamberorosso.it/collections/roma-5/,2026,OBSERVED_PUBLIC_SOURCE,local_name;municipality;restaurant_type,,,,,115.2,41.00986134908251,48,5,614592.1797452874,53549.9399133776,662067.8847359034,183810.2276829885,0.6098821791595428,19,122918.4359490575,0.0871308514461914,9.6,0.5889900377742612,-0.5512277243544819,-0.5059544445941234,-0.6731713665387642,-0.2410267230387075,0.3540628600458641,0.3761423759492538,0.3157934756152828,0.4400333465136674,0,0,0,1,20260812;
Locale Firenze - Firenze,REST_00238,Locale Firenze,Firenze,Toscana,Centro,restaurant,https://www.gamberorosso.it/luoghi/locali/ristorante/locale-firenze/,2025,OBSERVED_PUBLIC_SOURCE,local_name;municipality;restaurant_type,,,,,115.2,50.94636803517923,73,7,1070400.777074955,106339.869624079,739553.1946345365,315899.0430189213,0.360049451781402,16,152914.3967249936,0.0993458449410604,10.42857142857143,0.5581698246964992,-0.3764866782538346,-0.5737264704565416,-0.1588553041279402,0.1551641258225789,0.3949655916752242,0.3603774066379328,0.4356451205877507,0.538713390941466,1,0,1,0,20260812;
